,All ages - booster vaccinated,,,,,All ages - fully vaccinated,,,,,All ages - partially vaccinated,,,,,All ages - not vaccinated,,,,,Above 60 - booster vaccinated,,,,,Above 60 - fully vaccinated,,,,,Above 60 - partially vaccinated,,,,,Above 60 - not vaccinated,,,,,Below 60 - booster vaccinated,,,,,Below 60 - fully vaccinated,,,,,Below 60 - partially vaccinated,,,,,Below 60 - not vaccinated,,
Date,Total Amount,Daily verified,Total serious,New serious,Total deaths,Total Amount,Daily verified,Total serious,New serious,Total deaths,Total Amount,Daily verified,Total serious,New serious,Total deaths,Total Amount,Daily verified,Total serious,New serious,Total deaths,Total Amount,Daily verified,Total serious,New serious,Total deaths,Total Amount,Daily verified,Total serious,New serious,Total deaths,Total Amount,Daily verified,Total serious,New serious,Total deaths,Total Amount,Daily verified,Total serious,New serious,Total deaths,Total Amount,Daily verified,Total serious,New serious,Total deaths,Total Amount,Daily verified,Total serious,New serious,Total deaths,Total Amount,Daily verified,Total serious,New serious,Total deaths,Total Amount,Daily verified,Total serious,New serious,Total deaths
2020-12-21T00:00:00.000Z,None,None,None,None,None,0,0,0,None,None,32324,0,0,None,None,9259416,3856,485,None,None,None,None,None,None,None,0,0,0,None,None,14373,0,0,None,None,1414851,435,373,None,None,None,None,None,None,None,0,0,0,None,None,17951,0,0,None,None,7844565,3369,112,None,None
2020-12-22T00:00:00.000Z,None,None,None,None,None,0,0,0,None,None,76945,9,0,None,None,9214795,4372,509,None,None,None,None,None,None,None,0,0,0,None,None,42924,0,0,None,None,1386300,479,396,None,None,None,None,None,None,None,0,0,0,None,None,34014,9,0,None,None,7828502,3857,113,None,None
2020-12-23T00:00:00.000Z,None,None,None,None,None,0,0,0,None,None,139792,19,0,None,None,9151948,4017,507,None,None,None,None,None,None,None,0,0,0,None,None,86995,4,0,None,None,1342229,486,383,None,None,None,None,None,None,None,0,0,0,None,None,52775,15,0,None,None,7809741,3507,124,None,None
2020-12-24T00:00:00.000Z,None,None,None,None,None,0,0,0,None,None,213135,34,0,None,None,9078605,4020,524,None,None,None,None,None,None,None,0,0,0,None,None,140794,9,0,None,None,1288430,475,396,None,None,None,None,None,None,None,0,0,0,None,None,72318,25,0,None,None,7790198,3524,128,None,None
2020-12-25T00:00:00.000Z,None,None,None,None,None,0,0,0,None,None,251597,34,0,None,None,9040143,3978,551,None,None,None,None,None,None,None,0,0,0,None,None,170426,13,0,None,None,1258798,424,408,None,None,None,None,None,None,None,0,0,0,None,None,81139,21,0,None,None,7781377,3539,143,None,None
2020-12-26T00:00:00.000Z,None,None,None,None,None,0,0,0,None,None,284179,36,0,None,None,9007561,2623,574,None,None,None,None,None,None,None,0,0,0,None,None,196125,12,0,None,None,1233099,354,421,None,None,None,None,None,None,None,0,0,0,None,None,88022,24,0,None,None,7774494,2259,153,None,None
2020-12-27T00:00:00.000Z,None,None,None,None,None,2,0,0,None,None,388589,77,0,None,None,8903149,3451,610,None,None,None,None,None,None,None,0,0,0,None,None,268182,20,0,None,None,1161042,398,442,None,None,None,None,None,None,None,2,0,0,None,None,120326,56,0,None,None,7742188,3028,168,None,None
2020-12-28T00:00:00.000Z,None,None,None,None,None,3,0,0,None,None,523448,115,1,None,None,8768289,5404,610,None,None,None,None,None,None,None,0,0,0,None,None,352520,47,1,None,None,1076704,553,444,None,None,None,None,None,None,None,3,0,0,None,None,170810,68,0,None,None,7691703,4806,166,None,None
2020-12-29T00:00:00.000Z,None,None,None,None,None,9,0,0,None,None,679489,164,2,None,None,8612242,5475,631,None,None,None,None,None,None,None,0,0,0,None,None,447708,64,2,None,None,981516,512,464,None,None,None,None,None,None,None,9,0,0,None,None,231615,100,0,None,None,7630892,4926,167,None,None
2020-12-30T00:00:00.000Z,None,None,None,None,None,29,0,0,None,None,832286,288,9,None,None,8459425,5579,650,None,None,None,None,None,None,None,5,0,0,None,None,536420,113,8,None,None,892799,473,478,None,None,None,None,None,None,None,24,0,0,None,None,295668,174,1,None,None,7566824,5081,172,None,None
2020-12-31T00:00:00.000Z,None,None,None,None,None,44,0,0,None,None,990553,352,9,None,None,8301143,5523,692,None,None,None,None,None,None,None,12,0,0,None,None,617443,146,7,None,None,811769,438,516,None,None,None,None,None,None,None,32,0,0,None,None,372875,206,2,None,None,7489609,5022,176,None,None
2021-01-01T00:00:00.000Z,None,None,None,None,None,51,0,0,None,None,1061814,426,19,None,None,8229875,5595,709,None,None,None,None,None,None,None,17,0,0,None,None,652331,192,17,None,None,776876,444,523,None,None,None,None,None,None,None,34,0,0,None,None,409239,234,2,None,None,7453243,5106,186,None,None
2021-01-02T00:00:00.000Z,None,None,None,None,None,53,0,0,None,None,1133448,344,25,None,None,8158239,3875,714,None,None,None,None,None,None,None,18,0,0,None,None,681880,164,23,None,None,747326,303,533,None,None,None,None,None,None,None,35,0,0,None,None,451308,180,2,None,None,7411173,3553,181,None,None
2021-01-03T00:00:00.000Z,None,None,None,None,None,87,0,0,None,None,1282882,554,36,None,None,8008771,4676,756,None,None,None,None,None,None,None,30,0,0,None,None,753479,242,33,None,None,675715,342,574,None,None,None,None,None,None,None,57,0,0,None,None,529135,311,3,None,None,7333324,4301,182,None,None
2021-01-04T00:00:00.000Z,None,None,None,None,None,133,0,0,None,None,1434740,876,54,None,None,7856867,7532,771,None,None,None,None,None,None,None,48,0,0,None,None,818723,373,50,None,None,610453,407,592,None,None,None,None,None,None,None,85,0,0,None,None,615743,498,4,None,None,7246688,7046,179,None,None
2021-01-05T00:00:00.000Z,None,None,None,None,None,202,0,0,None,None,1559583,829,78,None,None,7731955,7408,785,None,None,None,None,None,None,None,81,0,0,None,None,876311,340,71,None,None,552832,411,600,None,None,None,None,None,None,None,121,0,0,None,None,682993,488,7,None,None,7179402,6944,185,None,None
2021-01-06T00:00:00.000Z,None,None,None,None,None,284,0,0,None,None,1662612,942,102,None,None,7628844,6937,802,None,None,None,None,None,None,None,112,0,0,None,None,924432,397,88,None,None,504680,421,604,None,None,None,None,None,None,None,172,0,0,None,None,737899,542,14,None,None,7124445,6455,198,None,None
2021-01-07T00:00:00.000Z,None,None,None,None,None,353,0,0,None,None,1778394,969,112,None,None,7512993,6680,802,None,None,None,None,None,None,None,144,0,0,None,None,969266,412,95,None,None,459814,352,602,None,None,None,None,None,None,None,209,0,0,None,None,808846,554,17,None,None,7053461,6275,200,None,None
2021-01-08T00:00:00.000Z,None,None,None,None,None,367,0,0,None,None,1844692,1262,135,None,None,7446681,6898,790,None,None,None,None,None,None,None,154,0,0,None,None,986529,553,109,None,None,442541,349,578,None,None,None,None,None,None,None,213,0,0,None,None,857880,703,26,None,None,7004423,6509,212,None,None
2021-01-09T00:00:00.000Z,None,None,None,None,None,395,0,0,None,None,1889126,756,180,None,None,7402219,4402,807,None,None,None,None,None,None,None,170,0,0,None,None,996197,331,149,None,None,432857,236,597,None,None,None,None,None,None,None,225,0,0,None,None,892646,423,31,None,None,6969645,4151,210,None,None
2021-01-10T00:00:00.000Z,None,None,None,None,None,466,0,1,None,None,1926605,968,227,None,None,7364669,5968,836,None,None,None,None,None,None,None,201,0,1,None,None,1006486,416,194,None,None,422537,261,611,None,None,None,None,None,None,None,265,0,0,None,None,919836,549,33,None,None,6942415,5671,225,None,None
2021-01-11T00:00:00.000Z,None,None,None,None,None,540,0,2,None,None,1947561,1364,256,None,None,7343639,8349,815,None,None,None,None,None,None,None,230,0,2,None,None,1011401,568,225,None,None,417593,330,591,None,None,None,None,None,None,None,310,0,0,None,None,935877,793,31,None,None,6926329,7946,224,None,None
2021-01-12T00:00:00.000Z,None,None,None,None,None,584,0,1,None,None,1971433,1380,264,None,None,7319723,7919,806,None,None,None,None,None,None,None,251,0,1,None,None,1016688,599,224,None,None,412285,337,570,None,None,None,None,None,None,None,333,0,0,None,None,954462,779,40,None,None,6907721,7536,236,None,None
2021-01-13T00:00:00.000Z,None,None,None,None,None,639,0,1,None,None,2023313,1487,284,None,None,7267788,7984,793,None,None,None,None,None,None,None,276,0,1,None,None,1026000,640,242,None,None,402948,311,556,None,None,None,None,None,None,None,363,0,0,None,None,997030,844,42,None,None,6865123,7619,237,None,None
2021-01-14T00:00:00.000Z,None,None,None,None,None,735,0,1,None,None,2079525,1423,311,None,None,7211480,7872,818,None,None,None,None,None,None,None,303,0,1,None,None,1033500,596,263,None,None,395421,318,564,None,None,None,None,None,None,None,432,0,0,None,None,1045741,822,48,None,None,6816343,7491,254,None,None
2021-01-15T00:00:00.000Z,None,None,None,None,None,772,0,1,None,None,2110115,1242,351,None,None,7180853,7188,803,None,None,None,None,None,None,None,316,0,1,None,None,1037274,543,307,None,None,391634,281,550,None,None,None,None,None,None,None,456,0,0,None,None,1072557,697,44,None,None,6789503,6831,253,None,None
2021-01-16T00:00:00.000Z,None,None,None,None,None,824,0,0,None,None,2139429,858,358,None,None,7151487,4229,814,None,None,None,None,None,None,None,327,0,0,None,None,1039809,333,311,None,None,389088,207,557,None,None,None,None,None,None,None,497,0,0,None,None,1099336,521,47,None,None,6762683,3997,257,None,None
2021-01-17T00:00:00.000Z,None,None,None,None,None,6844,1,1,None,None,2201676,945,382,None,None,7083220,4701,799,None,None,None,None,None,None,None,1680,0,0,None,None,1045523,345,334,None,None,382021,229,538,None,None,None,None,None,None,None,5164,1,1,None,None,1155869,598,48,None,None,6701483,4434,261,None,None
2021-01-18T00:00:00.000Z,None,None,None,None,None,26099,5,1,None,None,2251963,1399,376,None,None,7013678,8713,788,None,None,None,None,None,None,None,11189,3,0,None,None,1042078,584,328,None,None,375957,306,540,None,None,None,None,None,None,None,14910,2,1,None,None,1209601,810,48,None,None,6638005,8324,248,None,None
2021-01-19T00:00:00.000Z,None,None,None,None,None,61748,8,2,None,None,2288939,1292,403,None,None,6941053,7325,774,None,None,None,None,None,None,None,33271,2,0,None,None,1026194,503,356,None,None,369759,295,537,None,None,None,None,None,None,None,28470,6,2,None,None,1262468,785,47,None,None,6571578,6971,237,None,None
2021-01-20T00:00:00.000Z,None,None,None,None,None,118590,17,3,None,None,2308671,1186,406,None,None,6864479,7161,759,None,None,None,None,None,None,None,72627,9,1,None,None,992555,460,354,None,None,364042,302,518,None,None,None,None,None,None,None,45941,8,2,None,None,1315854,722,52,None,None,6500721,6805,241,None,None
2021-01-21T00:00:00.000Z,None,None,None,None,None,187378,25,6,None,None,2309589,987,410,None,None,6794773,6261,737,None,None,None,None,None,None,None,122649,10,3,None,None,948935,396,358,None,None,357640,270,493,None,None,None,None,None,None,None,64706,15,3,None,None,1360391,589,52,None,None,6437419,5941,244,None,None
2021-01-22T00:00:00.000Z,None,None,None,None,None,223273,26,7,None,None,2311421,1041,412,None,None,6757046,6322,727,None,None,None,None,None,None,None,150482,16,4,None,None,924384,339,360,None,None,354358,231,476,None,None,None,None,None,None,None,72762,9,3,None,None,1386779,701,52,None,None,6402975,6057,251,None,None
2021-01-23T00:00:00.000Z,None,None,None,None,None,249264,12,8,None,None,2325296,425,427,None,None,6717180,2012,733,None,None,None,None,None,None,None,171348,7,5,None,None,906205,144,370,None,None,351671,111,475,None,None,None,None,None,None,None,77887,5,3,None,None,1418830,279,57,None,None,6365799,1884,258,None,None
2021-01-24T00:00:00.000Z,None,None,None,None,None,333841,29,9,None,None,2309668,814,430,None,None,6648231,4102,742,None,None,None,None,None,None,None,231772,20,5,None,None,852007,240,370,None,None,345445,180,472,None,None,None,None,None,None,None,101992,9,4,None,None,1457445,574,60,None,None,6303079,3881,270,None,None
2021-01-25T00:00:00.000Z,None,None,None,None,None,454251,72,8,None,None,2270006,1255,445,None,None,6567483,7405,716,None,None,None,None,None,None,None,309978,48,4,None,None,780305,367,383,None,None,338941,294,465,None,None,None,None,None,None,None,144162,24,4,None,None,1489519,886,62,None,None,6228835,7068,250,None,None
2021-01-26T00:00:00.000Z,None,None,None,None,None,591989,95,9,None,None,2210767,1106,440,None,None,6488984,6600,733,None,None,None,None,None,None,None,396466,64,6,None,None,699833,302,378,None,None,332925,259,460,None,None,None,None,None,None,None,195368,31,3,None,None,1510796,797,62,None,None,6156352,6287,272,None,None
2021-01-27T00:00:00.000Z,None,None,None,None,None,735615,116,11,None,None,2144852,1168,411,None,None,6411273,6443,728,None,None,None,None,None,None,None,481479,70,7,None,None,620242,252,350,None,None,327503,242,450,None,None,None,None,None,None,None,253954,46,4,None,None,1524499,911,61,None,None,6084063,6104,277,None,None
2021-01-28T00:00:00.000Z,None,None,None,None,None,899826,173,14,None,None,2060057,1143,411,None,None,6331857,5868,745,None,None,None,None,None,None,None,570396,116,10,None,None,536175,222,352,None,None,322653,253,455,None,None,None,None,None,None,None,329219,57,4,None,None,1523800,920,59,None,None,6009497,5572,290,None,None
2021-01-29T00:00:00.000Z,None,None,None,None,None,970817,131,17,None,None,2025593,1073,399,None,None,6295330,5557,723,None,None,None,None,None,None,None,607779,86,13,None,None,500718,194,339,None,None,320727,182,433,None,None,None,None,None,None,None,362819,45,4,None,None,1524801,877,60,None,None,5974896,5342,290,None,None
2021-01-30T00:00:00.000Z,None,None,None,None,None,1024330,38,27,None,None,2006380,445,391,None,None,6261030,2140,723,None,None,None,None,None,None,None,634240,26,22,None,None,475830,78,332,None,None,319154,102,431,None,None,None,None,None,None,None,389860,12,5,None,None,1530487,367,59,None,None,5942169,2023,292,None,None
2021-01-31T00:00:00.000Z,None,None,None,None,None,1164887,103,33,None,None,1939018,1008,386,None,None,6187835,4115,725,None,None,None,None,None,None,None,702603,56,28,None,None,412330,131,325,None,None,314291,143,417,None,None,None,None,None,None,None,462046,47,5,None,None,1526633,875,61,None,None,5873837,3950,308,None,None
2021-02-01T00:00:00.000Z,None,None,None,None,None,1304314,217,44,None,None,1881890,1444,360,None,None,6105536,7264,720,None,None,None,None,None,None,None,765416,127,37,None,None,354881,205,298,None,None,308927,260,430,None,None,None,None,None,None,None,538655,88,7,None,None,1526959,1234,62,None,None,5796902,6963,289,None,None
2021-02-02T00:00:00.000Z,None,None,None,None,None,1430632,226,51,None,None,1825449,1259,346,None,None,6035659,6532,699,None,None,None,None,None,None,None,822385,124,43,None,None,303195,163,282,None,None,303644,258,408,None,None,None,None,None,None,None,607998,101,8,None,None,1522210,1093,64,None,None,5732308,6228,289,None,None
2021-02-03T00:00:00.000Z,None,None,None,None,None,1555589,177,53,None,None,1760580,1212,346,None,None,5975571,6081,730,None,None,None,None,None,None,None,878157,85,45,None,None,252313,123,282,None,None,298754,213,420,None,None,None,None,None,None,None,677180,92,8,None,None,1508226,1086,64,None,None,5677110,5802,309,None,None
2021-02-04T00:00:00.000Z,None,None,None,None,None,1686080,196,66,None,None,1702501,1077,315,None,None,5903159,5977,728,None,None,None,None,None,None,None,930409,112,57,None,None,203957,73,250,None,None,294858,230,415,None,None,None,None,None,None,None,755418,84,9,None,None,1498504,1002,65,None,None,5608594,5699,312,None,None
2021-02-05T00:00:00.000Z,None,None,None,None,None,1750757,168,65,None,None,1671608,1073,312,None,None,5869375,5344,741,None,None,None,None,None,None,None,950518,85,55,None,None,185711,93,241,None,None,292995,218,407,None,None,None,None,None,None,None,799986,82,10,None,None,1485857,978,71,None,None,5576673,5094,333,None,None
2021-02-06T00:00:00.000Z,None,None,None,None,None,1793446,66,64,None,None,1650459,445,294,None,None,5847835,2146,764,None,None,None,None,None,None,None,962058,33,54,None,None,175172,46,229,None,None,291994,122,424,None,None,None,None,None,None,None,831135,33,10,None,None,1475247,396,65,None,None,5556134,2014,339,None,None
2021-02-07T00:00:00.000Z,None,None,None,None,None,1852893,138,66,None,None,1644969,833,292,None,None,5793878,3626,783,None,None,None,None,None,None,None,982482,68,56,None,None,158397,58,224,None,None,288345,140,437,None,None,None,None,None,None,None,870158,68,10,None,None,1486532,774,68,None,None,5505826,3470,345,None,None
2021-02-08T00:00:00.000Z,None,None,None,None,None,1888276,177,74,None,None,1668080,1191,273,None,None,5735384,6475,763,None,None,None,None,None,None,None,992274,103,63,None,None,152249,95,212,None,None,284701,267,426,None,None,None,None,None,None,None,895749,74,11,None,None,1515791,1093,61,None,None,5450976,6174,335,None,None
2021-02-09T00:00:00.000Z,None,None,None,None,None,1919299,148,70,None,None,1703198,940,253,None,None,5669243,5076,741,None,None,None,None,None,None,None,1000344,77,60,None,None,148432,86,190,None,None,280448,224,411,None,None,None,None,None,None,None,918701,70,10,None,None,1554727,854,63,None,None,5389088,4816,327,None,None
2021-02-10T00:00:00.000Z,None,None,None,None,None,1970688,107,66,None,None,1722158,849,230,None,None,5598894,4720,746,None,None,None,None,None,None,None,1010660,50,57,None,None,142460,65,174,None,None,276104,199,417,None,None,None,None,None,None,None,959774,57,9,None,None,1579659,784,56,None,None,5323083,4484,326,None,None
2021-02-11T00:00:00.000Z,None,None,None,None,None,2028731,92,59,None,None,1745141,696,215,None,None,5517868,4221,727,None,None,None,None,None,None,None,1019164,46,51,None,None,138734,49,165,None,None,271326,190,391,None,None,None,None,None,None,None,1009312,46,8,None,None,1606369,646,50,None,None,5246835,4001,334,None,None
2021-02-12T00:00:00.000Z,None,None,None,None,None,2057428,91,53,None,None,1755390,706,209,None,None,5478922,3872,702,None,None,None,None,None,None,None,1023131,40,46,None,None,136982,59,157,None,None,269111,167,381,None,None,None,None,None,None,None,1034042,51,7,None,None,1618370,646,52,None,None,5210104,3675,320,None,None
2021-02-13T00:00:00.000Z,None,None,None,None,None,2079577,29,45,None,None,1760631,281,213,None,None,5451532,1577,712,None,None,None,None,None,None,None,1025243,15,38,None,None,136398,21,160,None,None,267583,66,388,None,None,None,None,None,None,None,1054079,14,7,None,None,1624195,260,53,None,None,5184242,1499,323,None,None
2021-02-14T00:00:00.000Z,None,None,None,None,None,2148175,69,53,None,None,1766780,591,222,None,None,5376785,2823,738,None,None,None,None,None,None,None,1032824,30,45,None,None,134266,41,159,None,None,262134,120,397,None,None,None,None,None,None,None,1115096,38,8,None,None,1632476,549,63,None,None,5114944,2684,339,None,None
2021-02-15T00:00:00.000Z,None,None,None,None,None,2213482,99,58,None,None,1782803,747,204,None,None,5295455,4345,737,None,None,None,None,None,None,None,1039130,32,48,None,None,133914,65,150,None,None,256180,197,397,None,None,None,None,None,None,None,1174097,67,10,None,None,1648851,681,54,None,None,5039568,4118,338,None,None
2021-02-16T00:00:00.000Z,None,None,None,None,None,2280901,81,52,None,None,1798712,712,191,None,None,5212127,3776,703,None,None,None,None,None,None,None,1045195,42,44,None,None,133783,38,143,None,None,250246,147,373,None,None,None,None,None,None,None,1235451,39,8,None,None,1664891,672,48,None,None,4962174,3604,329,None,None
2021-02-17T00:00:00.000Z,None,None,None,None,None,2353026,101,51,None,None,1788390,660,190,None,None,5150324,3407,708,None,None,None,None,None,None,None,1051001,41,43,None,None,131433,43,139,None,None,246790,131,367,None,None,None,None,None,None,None,1301769,60,8,None,None,1656920,617,51,None,None,4903827,3235,340,None,None
2021-02-18T00:00:00.000Z,None,None,None,None,None,2425021,74,48,None,None,1785380,517,174,None,None,5081339,2741,672,None,None,None,None,None,None,None,1057541,34,39,None,None,128773,29,130,None,None,242910,104,346,None,None,None,None,None,None,None,1367224,40,9,None,None,1656570,488,44,None,None,4838722,2595,325,None,None
2021-02-19T00:00:00.000Z,None,None,None,None,None,2462490,75,44,None,None,1787476,632,161,None,None,5041774,3086,628,None,None,None,None,None,None,None,1060861,27,35,None,None,127459,42,121,None,None,240904,132,325,None,None,None,None,None,None,None,1401373,48,9,None,None,1659980,590,40,None,None,4801163,2931,302,None,None
2021-02-20T00:00:00.000Z,None,None,None,None,None,2492877,24,43,None,None,1788675,215,149,None,None,5010188,1016,630,None,None,None,None,None,None,None,1062953,14,32,None,None,126994,26,111,None,None,239277,42,311,None,None,None,None,None,None,None,1429668,10,11,None,None,1661644,189,38,None,None,4771204,966,318,None,None
2021-02-21T00:00:00.000Z,None,None,None,None,None,2561871,75,44,None,None,1799003,591,145,None,None,4930866,2441,623,None,None,None,None,None,None,None,1069191,21,34,None,None,126752,31,109,None,None,233281,123,306,None,None,None,None,None,None,None,1492424,54,10,None,None,1672214,560,36,None,None,4697878,2303,316,None,None
2021-02-22T00:00:00.000Z,None,None,None,None,None,2637497,112,41,None,None,1808272,779,137,None,None,4845971,3917,630,None,None,None,None,None,None,None,1075973,44,33,None,None,126746,70,104,None,None,226505,169,312,None,None,None,None,None,None,None,1561268,68,8,None,None,1681489,709,33,None,None,4619759,3708,317,None,None
2021-02-23T00:00:00.000Z,None,None,None,None,None,2715804,107,41,None,None,1807164,813,141,None,None,4768772,3527,609,None,None,None,None,None,None,None,1082008,37,33,None,None,126651,35,103,None,None,220565,155,301,None,None,None,None,None,None,None,1633538,70,8,None,None,1680478,778,38,None,None,4548500,3343,308,None,None
2021-02-24T00:00:00.000Z,None,None,None,None,None,2791315,109,40,None,None,1792539,832,142,None,None,4707886,3433,604,None,None,None,None,None,None,None,1087008,45,32,None,None,126597,49,96,None,None,215619,132,292,None,None,None,None,None,None,None,1704049,64,8,None,None,1665907,783,46,None,None,4492560,3269,312,None,None
2021-02-25T00:00:00.000Z,None,None,None,None,None,2870958,102,37,None,None,1764445,771,121,None,None,4656337,2941,589,None,None,None,None,None,None,None,1091823,31,29,None,None,126072,47,80,None,None,211329,122,284,None,None,None,None,None,None,None,1778877,71,8,None,None,1638338,723,41,None,None,4445301,2794,305,None,None
2021-02-26T00:00:00.000Z,None,None,None,None,None,2909038,94,38,None,None,1752131,812,124,None,None,4630571,2907,578,None,None,None,None,None,None,None,1093893,25,30,None,None,125941,40,86,None,None,209390,110,274,None,None,None,None,None,None,None,1814887,69,8,None,None,1626155,771,38,None,None,4421474,2773,304,None,None
2021-02-27T00:00:00.000Z,None,None,None,None,None,2937724,60,45,None,None,1741707,319,123,None,None,4612309,1059,568,None,None,None,None,None,None,None,1095257,27,37,None,None,125826,27,83,None,None,208141,40,276,None,None,None,None,None,None,None,1842209,33,8,None,None,1615846,291,40,None,None,4404461,1003,291,None,None
2021-02-28T00:00:00.000Z,None,None,None,None,None,3016325,105,47,None,None,1703280,723,127,None,None,4572135,2232,570,None,None,None,None,None,None,None,1100773,29,39,None,None,123984,35,87,None,None,204467,97,276,None,None,None,None,None,None,None,1915293,76,8,None,None,1579262,688,40,None,None,4367961,2122,294,None,None
2021-03-01T00:00:00.000Z,None,None,None,None,None,3096979,137,45,None,None,1668144,1006,125,None,None,4526617,3712,559,None,None,None,None,None,None,None,1106521,49,36,None,None,122722,71,88,None,None,199981,145,277,None,None,None,None,None,None,None,1990199,88,9,None,None,1545388,934,37,None,None,4326929,3525,281,None,None
2021-03-02T00:00:00.000Z,None,None,None,None,None,3167596,140,41,None,None,1638536,927,125,None,None,4485608,3311,537,None,None,None,None,None,None,None,1111800,34,34,None,None,122062,62,85,None,None,195362,128,268,None,None,None,None,None,None,None,2055537,106,7,None,None,1516420,863,40,None,None,4290559,3140,268,None,None
2021-03-03T00:00:00.000Z,None,None,None,None,None,3230705,152,43,None,None,1617219,1036,137,None,None,4443816,3482,537,None,None,None,None,None,None,None,1116649,50,34,None,None,121990,74,92,None,None,190585,108,280,None,None,None,None,None,None,None,2113797,101,9,None,None,1495175,961,45,None,None,4253544,3334,257,None,None
2021-03-04T00:00:00.000Z,None,None,None,None,None,3295402,141,48,None,None,1592008,767,132,None,None,4404330,2750,525,None,None,None,None,None,None,None,1120659,51,37,None,None,122027,53,86,None,None,186538,82,272,None,None,None,None,None,None,None,2174484,90,11,None,None,1469927,714,46,None,None,4218105,2652,253,None,None
2021-03-05T00:00:00.000Z,None,None,None,None,None,3327337,114,47,None,None,1577237,711,125,None,None,4387166,2887,494,None,None,None,None,None,None,None,1122489,42,37,None,None,121886,52,80,None,None,184849,82,256,None,None,None,None,None,None,None,2204589,72,10,None,None,1455297,659,45,None,None,4202630,2794,238,None,None
2021-03-06T00:00:00.000Z,None,None,None,None,None,3348501,83,53,None,None,1566643,387,126,None,None,4376596,1400,517,None,None,None,None,None,None,None,1123493,22,44,None,None,121863,32,77,None,None,183868,59,268,None,None,None,None,None,None,None,2224749,61,9,None,None,1444726,354,49,None,None,4193041,1334,249,None,None
2021-03-07T00:00:00.000Z,None,None,None,None,None,3405301,93,54,None,None,1540824,494,115,None,None,4345615,1758,535,None,None,None,None,None,None,None,1127374,25,45,None,None,121535,47,73,None,None,180315,69,275,None,None,None,None,None,None,None,2277668,68,9,None,None,1419234,447,42,None,None,4165614,1670,260,None,None
2021-03-08T00:00:00.000Z,None,None,None,None,None,3470131,140,55,None,None,1503155,714,109,None,None,4318454,2929,511,None,None,None,None,None,None,None,1131708,57,45,None,None,120105,66,67,None,None,177411,103,253,None,None,None,None,None,None,None,2338164,83,10,None,None,1382995,647,42,None,None,4141357,2793,258,None,None
2021-03-09T00:00:00.000Z,None,None,None,None,None,3541983,134,55,None,None,1457807,557,114,None,None,4291950,2429,495,None,None,None,None,None,None,None,1137238,44,45,None,None,117456,43,68,None,None,174530,83,245,None,None,None,None,None,None,None,2404486,90,10,None,None,1340296,514,46,None,None,4117734,2317,250,None,None
2021-03-10T00:00:00.000Z,None,None,None,None,None,3616895,131,53,None,None,1405994,471,107,None,None,4268851,2230,484,None,None,None,None,None,None,None,1143142,29,44,None,None,113886,37,71,None,None,172196,67,247,None,None,None,None,None,None,None,2473493,102,9,None,None,1292054,433,36,None,None,4096969,2144,237,None,None
2021-03-11T00:00:00.000Z,None,None,None,None,None,3704162,124,51,None,None,1341791,426,110,None,None,4245787,1999,472,None,None,None,None,None,None,None,1149286,41,43,None,None,109979,49,72,None,None,169959,66,237,None,None,None,None,None,None,None,2554616,83,8,None,None,1231758,377,38,None,None,4076142,1916,235,None,None
2021-03-12T00:00:00.000Z,None,None,None,None,None,3748288,98,53,None,None,1308765,403,110,None,None,4234687,1912,452,None,None,None,None,None,None,None,1151979,23,42,None,None,108281,38,72,None,None,168964,79,227,None,None,None,None,None,None,None,2596049,75,11,None,None,1200430,365,38,None,None,4066037,1810,225,None,None
2021-03-13T00:00:00.000Z,None,None,None,None,None,3775299,39,53,None,None,1289604,129,108,None,None,4226837,615,448,None,None,None,None,None,None,None,1153609,12,42,None,None,107281,11,69,None,None,168334,25,226,None,None,None,None,None,None,None,2621430,27,11,None,None,1182269,118,39,None,None,4058817,582,222,None,None
2021-03-14T00:00:00.000Z,None,None,None,None,None,3854935,71,51,None,None,1230793,215,113,None,None,4206012,1103,462,None,None,None,None,None,None,None,1160063,22,42,None,None,102882,27,70,None,None,166279,49,224,None,None,None,None,None,None,None,2694612,49,9,None,None,1127857,188,43,None,None,4040047,1047,238,None,None
2021-03-15T00:00:00.000Z,None,None,None,None,None,3933301,96,55,None,None,1172353,317,109,None,None,4186086,1710,427,None,None,None,None,None,None,None,1166579,27,44,None,None,98240,33,66,None,None,164405,65,212,None,None,None,None,None,None,None,2766462,69,11,None,None,1074059,284,43,None,None,4021995,1625,215,None,None
2021-03-16T00:00:00.000Z,None,None,None,None,None,4014783,71,50,None,None,1109409,222,104,None,None,4167548,1271,431,None,None,None,None,None,None,None,1172976,17,41,None,None,93716,17,59,None,None,162532,59,209,None,None,None,None,None,None,None,2841547,53,9,None,None,1015639,205,45,None,None,4005330,1201,222,None,None
2021-03-17T00:00:00.000Z,None,None,None,None,None,4077918,97,51,None,None,1063772,218,96,None,None,4150050,1215,409,None,None,None,None,None,None,None,1177149,23,44,None,None,91220,29,59,None,None,160855,49,198,None,None,None,None,None,None,None,2900509,73,7,None,None,972498,189,37,None,None,3989509,1158,211,None,None
2021-03-18T00:00:00.000Z,None,None,None,None,None,4151098,67,52,None,None,1006427,172,95,None,None,4134215,1009,416,None,None,None,None,None,None,None,1181570,22,44,None,None,88430,15,61,None,None,159224,45,204,None,None,None,None,None,None,None,2969268,45,8,None,None,917943,156,34,None,None,3975305,951,212,None,None
2021-03-19T00:00:00.000Z,None,None,None,None,None,4194349,56,50,None,None,969925,140,94,None,None,4127466,887,404,None,None,None,None,None,None,None,1183800,17,43,None,None,86827,13,60,None,None,158597,34,201,None,None,None,None,None,None,None,3010289,39,7,None,None,883044,127,34,None,None,3969183,847,203,None,None
2021-03-20T00:00:00.000Z,None,None,None,None,None,4220542,24,49,None,None,948855,48,90,None,None,4122343,277,394,None,None,None,None,None,None,None,1185306,10,40,None,None,85833,7,58,None,None,158085,32,202,None,None,None,None,None,None,None,3034976,13,9,None,None,862968,41,32,None,None,3964572,239,192,None,None
2021-03-21T00:00:00.000Z,None,None,None,None,None,4297861,51,53,None,None,884575,93,91,None,None,4109304,530,401,None,None,None,None,None,None,None,1191263,23,45,None,None,81256,6,59,None,None,156705,34,209,None,None,None,None,None,None,None,3106338,28,8,None,None,803265,87,32,None,None,3952913,483,192,None,None
2021-03-22T00:00:00.000Z,None,None,None,None,None,4379012,59,46,None,None,816775,113,83,None,None,4095953,807,377,None,None,None,None,None,None,None,1197927,23,40,None,None,76012,11,54,None,None,155285,43,195,None,None,None,None,None,None,None,3180825,36,6,None,None,740709,102,29,None,None,3940982,741,182,None,None
2021-03-23T00:00:00.000Z,None,None,None,None,None,4453426,44,45,None,None,744966,66,81,None,None,4093348,578,368,None,None,None,None,None,None,None,1203836,9,38,None,None,70503,4,49,None,None,154885,33,186,None,None,None,None,None,None,None,3249330,35,7,None,None,674409,62,32,None,None,3938777,533,182,None,None
2021-03-24T00:00:00.000Z,None,None,None,None,None,4514965,47,40,None,None,694220,49,75,None,None,4082555,382,361,None,None,None,None,None,None,None,1209087,6,34,None,None,66368,6,46,None,None,153769,23,187,None,None,None,None,None,None,None,3305618,41,6,None,None,627798,42,29,None,None,3929100,336,174,None,None
2021-03-25T00:00:00.000Z,None,None,None,None,None,4575237,69,39,None,None,643986,104,76,None,None,4072517,670,362,None,None,None,None,None,None,None,1213899,28,32,None,None,62629,12,48,None,None,152696,30,191,None,None,None,None,None,None,None,3361078,41,7,None,None,581303,91,28,None,None,3920135,625,171,None,None
2021-03-26T00:00:00.000Z,None,None,None,None,None,4604094,27,40,None,None,619137,44,71,None,None,4068509,449,341,None,None,None,None,None,None,None,1215993,9,34,None,None,61046,4,43,None,None,152185,28,184,None,None,None,None,None,None,None,3387841,18,6,None,None,558037,40,28,None,None,3916638,413,157,None,None
2021-03-27T00:00:00.000Z,None,None,None,None,None,4620031,12,38,None,None,604909,21,67,None,None,4066800,198,331,None,None,None,None,None,None,None,1217156,5,32,None,None,60172,2,40,None,None,151896,15,180,None,None,None,None,None,None,None,3402615,7,6,None,None,544683,19,27,None,None,3915218,177,151,None,None
2021-03-28T00:00:00.000Z,None,None,None,None,None,4662101,13,41,None,None,564877,14,69,None,None,4064762,102,334,None,None,None,None,None,None,None,1221010,3,33,None,None,56627,2,40,None,None,151587,7,178,None,None,None,None,None,None,None,3440831,10,8,None,None,508196,12,29,None,None,3913489,90,156,None,None
2021-03-29T00:00:00.000Z,None,None,None,None,None,4704143,38,43,None,None,529606,38,66,None,None,4057991,287,325,None,None,None,None,None,None,None,1224730,10,35,None,None,53850,5,39,None,None,150644,23,170,None,None,None,None,None,None,None,3479153,28,8,None,None,475702,33,27,None,None,3907661,257,155,None,None
2021-03-30T00:00:00.000Z,None,None,None,None,None,4711648,32,42,None,None,529762,41,65,None,None,4050330,370,288,None,None,None,None,None,None,None,1225436,10,35,None,None,54169,5,37,None,None,149619,27,142,None,None,None,None,None,None,None,3485952,22,7,None,None,475539,36,28,None,None,3901025,334,146,None,None
2021-03-31T00:00:00.000Z,None,None,None,None,None,4759480,43,42,None,None,489885,30,61,None,None,4042375,419,280,None,None,None,None,None,None,None,1229729,12,35,None,None,51016,2,34,None,None,148479,25,144,None,None,None,None,None,None,None,3529491,31,7,None,None,438815,28,27,None,None,3894210,387,136,None,None
2021-04-01T00:00:00.000Z,None,None,None,None,None,4796152,29,39,None,None,461159,18,57,None,None,4034429,288,274,None,None,None,None,None,None,None,1232599,9,33,None,None,49180,3,31,None,None,147445,22,143,None,None,None,None,None,None,None,3563292,20,6,None,None,411926,15,26,None,None,3887298,260,131,None,None
2021-04-02T00:00:00.000Z,None,None,None,None,None,4809866,32,36,None,None,450214,24,48,None,None,4031660,362,248,None,None,None,None,None,None,None,1235322,10,30,None,None,48557,1,26,None,None,145345,22,126,None,None,None,None,None,None,None,3574278,22,6,None,None,401609,23,22,None,None,3886629,339,122,None,None
2021-04-03T00:00:00.000Z,None,None,None,None,None,4814336,10,38,None,None,447083,14,48,None,None,4030321,100,250,None,None,None,None,None,None,None,1235748,1,31,None,None,48405,3,27,None,None,145071,8,123,None,None,None,None,None,None,None,3578322,9,7,None,None,398630,11,21,None,None,3885564,87,127,None,None
2021-04-04T00:00:00.000Z,None,None,None,None,None,4819240,10,33,None,None,451715,14,47,None,None,4020785,172,249,None,None,None,None,None,None,None,1236235,2,26,None,None,49087,2,26,None,None,143902,14,122,None,None,None,None,None,None,None,3582739,8,7,None,None,402580,12,21,None,None,3877197,154,127,None,None
2021-04-05T00:00:00.000Z,None,None,None,None,None,4850092,35,33,None,None,431038,18,45,None,None,4010610,327,229,None,None,None,None,None,None,None,1239188,11,27,None,None,47444,2,24,None,None,142592,14,113,None,None,None,None,None,None,None,3610638,24,6,None,None,383546,16,21,None,None,3868332,306,116,None,None
2021-04-06T00:00:00.000Z,None,None,None,None,None,4873475,34,35,None,None,416430,20,41,None,None,4001835,251,225,None,None,None,None,None,None,None,1241550,17,29,None,None,46333,2,23,None,None,141341,20,110,None,None,None,None,None,None,None,3631659,17,6,None,None,370049,18,18,None,None,3860808,224,115,None,None
2021-04-07T00:00:00.000Z,None,None,None,None,None,4894028,29,33,None,None,404553,16,37,None,None,3993159,231,219,None,None,None,None,None,None,None,1243664,5,27,None,None,45461,3,22,None,None,140099,13,106,None,None,None,None,None,None,None,3650098,24,6,None,None,359044,13,15,None,None,3853374,211,113,None,None
2021-04-08T00:00:00.000Z,None,None,None,None,None,4913841,22,31,None,None,393902,11,35,None,None,3983997,179,199,None,None,None,None,None,None,None,1245453,8,26,None,None,44870,1,20,None,None,138901,15,97,None,None,None,None,None,None,None,3668122,14,5,None,None,348984,9,15,None,None,3845410,153,102,None,None
2021-04-09T00:00:00.000Z,None,None,None,None,None,4922259,25,25,None,None,388857,9,35,None,None,3980624,189,195,None,None,None,None,None,None,None,1246146,9,20,None,None,44614,1,22,None,None,138464,21,95,None,None,None,None,None,None,None,3675847,16,5,None,None,344195,8,13,None,None,3842474,163,100,None,None
2021-04-10T00:00:00.000Z,None,None,None,None,None,4925378,20,25,None,None,387231,3,33,None,None,3979131,63,189,None,None,None,None,None,None,None,1246506,12,20,None,None,44545,1,22,None,None,138173,9,94,None,None,None,None,None,None,None,3678606,8,5,None,None,342638,2,11,None,None,3841272,51,95,None,None
2021-04-11T00:00:00.000Z,None,None,None,None,None,4949744,20,26,None,None,371763,8,30,None,None,3970233,111,188,None,None,None,None,None,None,None,1248668,3,20,None,None,43601,3,21,None,None,136955,15,92,None,None,None,None,None,None,None,3700810,17,6,None,None,328114,5,9,None,None,3833592,93,96,None,None
2021-04-12T00:00:00.000Z,None,None,None,None,None,4972644,20,24,None,None,357569,6,28,None,None,3961527,195,185,None,None,None,None,None,None,None,1250689,8,19,None,None,42857,1,20,None,None,135678,12,91,None,None,None,None,None,None,None,3721689,12,5,None,None,314664,5,8,None,None,3826163,166,94,None,None
2021-04-13T00:00:00.000Z,None,None,None,None,None,4990839,22,24,None,None,344982,6,24,None,None,3955919,170,172,None,None,None,None,None,None,None,1252472,3,19,None,None,42000,0,15,None,None,134752,8,84,None,None,None,None,None,None,None,3738101,19,5,None,None,302934,5,9,None,None,3821481,155,88,None,None
2021-04-14T00:00:00.000Z,None,None,None,None,None,5007469,22,24,None,None,331779,6,23,None,None,3952492,168,155,None,None,None,None,None,None,None,1254087,5,19,None,None,40991,3,14,None,None,134146,9,80,None,None,None,None,None,None,None,3753116,17,5,None,None,290740,3,9,None,None,3818660,153,75,None,None
2021-04-15T00:00:00.000Z,None,None,None,None,None,5026079,19,22,None,None,313620,2,19,None,None,3952041,74,145,None,None,None,None,None,None,None,1255816,15,17,None,None,39525,1,11,None,None,133883,10,74,None,None,None,None,None,None,None,3769997,4,5,None,None,274047,1,8,None,None,3818472,61,71,None,None
2021-04-16T00:00:00.000Z,None,None,None,None,None,5032791,17,23,None,None,310101,5,16,None,None,3948848,87,142,None,None,None,None,None,None,None,1256403,5,18,None,None,39384,1,9,None,None,133437,5,71,None,None,None,None,None,None,None,3776122,12,5,None,None,270669,4,7,None,None,3815725,78,71,None,None
2021-04-17T00:00:00.000Z,None,None,None,None,None,5036530,17,22,None,None,307105,0,17,None,None,3948105,66,139,None,None,None,None,None,None,None,1256794,10,17,None,None,39226,0,10,None,None,133204,6,68,None,None,None,None,None,None,None,3779470,7,5,None,None,267831,0,7,None,None,3815215,50,71,None,None
2021-04-18T00:00:00.000Z,None,None,None,None,None,5052534,21,22,None,None,298065,4,17,None,None,3941141,116,142,None,None,None,None,None,None,None,1258416,8,17,None,None,38502,0,10,None,None,132306,9,72,None,None,None,None,None,None,None,3793852,13,5,None,None,259515,4,7,None,None,3809149,96,70,None,None
2021-04-19T00:00:00.000Z,None,None,None,None,None,5067339,29,19,None,None,289467,1,19,None,None,3934934,103,135,None,None,None,None,None,None,None,1259971,11,15,None,None,37779,0,12,None,None,131474,4,69,None,None,None,None,None,None,None,3807102,18,4,None,None,251640,1,7,None,None,3803774,90,66,None,None
2021-04-20T00:00:00.000Z,None,None,None,None,None,5073144,18,20,None,None,289712,8,17,None,None,3928884,135,123,None,None,None,None,None,None,None,1260762,5,16,None,None,37782,0,11,None,None,130680,8,60,None,None,None,None,None,None,None,3812116,13,4,None,None,251882,8,6,None,None,3798518,115,63,None,None
2021-04-21T00:00:00.000Z,None,None,None,None,None,5078936,27,21,None,None,290072,6,16,None,None,3922732,81,118,None,None,None,None,None,None,None,1261588,6,17,None,None,37852,2,9,None,None,129784,6,58,None,None,None,None,None,None,None,3817081,21,4,None,None,252173,4,7,None,None,3793262,69,60,None,None
2021-04-22T00:00:00.000Z,None,None,None,None,None,5079389,14,18,None,None,295363,8,17,None,None,3916988,107,112,None,None,None,None,None,None,None,1261783,4,14,None,None,38436,1,10,None,None,129005,6,54,None,None,None,None,None,None,None,3817339,10,4,None,None,256880,6,7,None,None,3788297,95,58,None,None
2021-04-23T00:00:00.000Z,None,None,None,None,None,5086615,13,20,None,None,290726,5,14,None,None,3914399,90,111,None,None,None,None,None,None,None,1262555,3,16,None,None,38053,0,8,None,None,128616,4,51,None,None,None,None,None,None,None,3823793,10,4,None,None,252626,5,6,None,None,3786097,80,60,None,None
2021-04-24T00:00:00.000Z,None,None,None,None,None,5088672,5,16,None,None,289350,0,15,None,None,3913718,34,107,None,None,None,None,None,None,None,1262818,1,12,None,None,37998,0,9,None,None,128408,5,52,None,None,None,None,None,None,None,3825587,4,4,None,None,251305,0,6,None,None,3785624,23,55,None,None
2021-04-25T00:00:00.000Z,None,None,None,None,None,5097468,6,18,None,None,285269,2,12,None,None,3909003,69,107,None,None,None,None,None,None,None,1263841,1,14,None,None,37651,0,8,None,None,127732,2,53,None,None,None,None,None,None,None,3833360,5,4,None,None,247571,2,4,None,None,3781585,61,54,None,None
2021-04-26T00:00:00.000Z,None,None,None,None,None,5105927,11,15,None,None,282140,1,10,None,None,3903673,81,112,None,None,None,None,None,None,None,1265005,4,11,None,None,37174,0,7,None,None,127045,3,54,None,None,None,None,None,None,None,3840655,7,4,None,None,244919,1,3,None,None,3776942,69,58,None,None
2021-04-27T00:00:00.000Z,None,None,None,None,None,5113948,13,16,None,None,278468,3,7,None,None,3899324,70,107,None,None,None,None,None,None,None,1266133,8,12,None,None,36715,0,5,None,None,126376,3,50,None,None,None,None,None,None,None,3847548,5,4,None,None,241706,3,2,None,None,3773262,60,57,None,None
2021-04-28T00:00:00.000Z,None,None,None,None,None,5122207,14,16,None,None,274522,2,7,None,None,3895011,79,98,None,None,None,None,None,None,None,1267222,1,11,None,None,36207,0,4,None,None,125795,3,41,None,None,None,None,None,None,None,3854718,13,5,None,None,238268,2,3,None,None,3769530,66,57,None,None
2021-04-29T00:00:00.000Z,None,None,None,None,None,5131005,9,11,None,None,269915,2,7,None,None,3890820,82,89,None,None,None,None,None,None,None,1268363,2,9,None,None,35698,0,4,None,None,125163,6,37,None,None,None,None,None,None,None,3862375,7,2,None,None,234170,2,3,None,None,3765971,71,52,None,None
2021-04-30T00:00:00.000Z,None,None,None,None,None,5134885,17,12,None,None,267770,2,8,None,None,3889085,60,83,None,None,None,None,None,None,None,1268793,4,9,None,None,35603,1,5,None,None,124828,3,32,None,None,None,None,None,None,None,3865825,13,3,None,None,232120,1,3,None,None,3764571,55,51,None,None
2021-05-01T00:00:00.000Z,None,None,None,None,None,5136273,4,11,None,None,266765,0,7,None,None,3888702,10,85,None,None,None,None,None,None,None,1269003,0,8,None,None,35563,0,4,None,None,124658,2,33,None,None,None,None,None,None,None,3867003,4,3,None,None,231155,0,3,None,None,3764358,7,52,None,None
2021-05-02T00:00:00.000Z,None,None,None,None,None,5144202,3,10,None,None,261991,1,6,None,None,3885547,46,82,None,None,None,None,None,None,None,1269997,0,7,None,None,35069,0,4,None,None,124158,4,34,None,None,None,None,None,None,None,3873938,3,3,None,None,226875,1,2,None,None,3761703,33,48,None,None
2021-05-03T00:00:00.000Z,None,None,None,None,None,5153334,14,8,None,None,256259,0,6,None,None,3882147,51,79,None,None,None,None,None,None,None,1271018,2,5,None,None,34537,0,4,None,None,123669,2,33,None,None,None,None,None,None,None,3882049,11,3,None,None,221675,0,2,None,None,3758792,46,46,None,None
2021-05-04T00:00:00.000Z,None,None,None,None,None,5160736,7,6,None,None,252240,4,6,None,None,3878764,52,75,None,None,None,None,None,None,None,1272119,1,3,None,None,34006,1,4,None,None,123099,2,31,None,None,None,None,None,None,None,3888350,6,3,None,None,218187,3,2,None,None,3755979,42,44,None,None
2021-05-05T00:00:00.000Z,None,None,None,None,None,5168901,5,6,None,None,247189,1,6,None,None,3875650,62,75,None,None,None,None,None,None,None,1273211,1,3,None,None,33400,0,4,None,None,122613,5,32,None,None,None,None,None,None,None,3895423,4,3,None,None,213742,1,2,None,None,3753351,55,43,None,None
2021-05-06T00:00:00.000Z,None,None,None,None,None,5177064,15,4,None,None,242466,0,6,None,None,3872210,33,70,None,None,None,None,None,None,None,1274337,4,2,None,None,32754,0,4,None,None,122133,1,29,None,None,None,None,None,None,None,3902460,11,2,None,None,209665,0,2,None,None,3750391,31,41,None,None
2021-05-07T00:00:00.000Z,None,None,None,None,None,5180601,2,4,None,None,240593,1,6,None,None,3870546,30,68,None,None,None,None,None,None,None,1274817,0,2,None,None,32602,1,4,None,None,121805,3,27,None,None,None,None,None,None,None,3905517,2,2,None,None,207944,0,2,None,None,3749055,26,41,None,None
2021-05-08T00:00:00.000Z,None,None,None,None,None,5181521,5,5,None,None,239848,1,7,None,None,3870371,10,66,None,None,None,None,None,None,None,1275049,0,3,None,None,32561,0,5,None,None,121614,0,27,None,None,None,None,None,None,None,3906205,5,2,None,None,207240,1,2,None,None,3749071,10,39,None,None
2021-05-09T00:00:00.000Z,None,None,None,None,None,5188289,5,6,None,None,235846,1,6,None,None,3867605,27,62,None,None,None,None,None,None,None,1275899,0,3,None,None,32138,0,4,None,None,121187,0,24,None,None,None,None,None,None,None,3912123,5,3,None,None,203661,1,2,None,None,3746732,26,38,None,None
2021-05-10T00:00:00.000Z,None,None,None,None,None,5194817,12,5,None,None,232081,0,6,None,None,3864842,39,59,None,None,None,None,None,None,None,1276811,2,3,None,None,31692,0,4,None,None,120721,0,25,None,None,None,None,None,None,None,3917739,10,2,None,None,200342,0,2,None,None,3744435,35,34,None,None
2021-05-11T00:00:00.000Z,None,None,None,None,None,5200220,9,4,None,None,229102,0,7,None,None,3862418,25,59,None,None,None,None,None,None,None,1277667,3,2,None,None,31263,0,5,None,None,120294,0,25,None,None,None,None,None,None,None,3922286,6,2,None,None,197792,0,2,None,None,3742438,22,34,None,None
2021-05-12T00:00:00.000Z,None,None,None,None,None,5204922,5,4,None,None,226219,2,5,None,None,3860599,20,55,None,None,None,None,None,None,None,1278324,3,2,None,None,30970,0,3,None,None,119930,1,24,None,None,None,None,None,None,None,3926331,2,2,None,None,195202,2,2,None,None,3740983,18,31,None,None
2021-05-13T00:00:00.000Z,None,None,None,None,None,5208815,4,1,None,None,224144,1,4,None,None,3858781,25,52,None,None,None,None,None,None,None,1278822,1,0,None,None,30800,0,2,None,None,119602,1,24,None,None,None,None,None,None,None,3929726,3,1,None,None,193297,1,2,None,None,3739493,24,28,None,None
2021-05-14T00:00:00.000Z,None,None,None,None,None,5211621,1,1,None,None,222113,1,5,None,None,3858006,25,53,None,None,None,None,None,None,None,1279218,0,0,None,None,30647,1,3,None,None,119359,3,26,None,None,None,None,None,None,None,3932136,1,1,None,None,191419,0,2,None,None,3738961,22,27,None,None
2021-05-15T00:00:00.000Z,None,None,None,None,None,5212093,3,1,None,None,221778,0,7,None,None,3857869,17,50,None,None,None,None,None,None,None,1279423,2,0,None,None,30633,0,5,None,None,119168,2,23,None,None,None,None,None,None,None,3932403,1,1,None,None,191098,0,2,None,None,3739015,15,27,None,None
2021-05-16T00:00:00.000Z,None,None,None,None,None,5217513,13,2,None,None,216787,0,6,None,None,3857440,16,53,None,None,None,None,None,None,None,1280234,8,1,None,None,30063,0,4,None,None,118927,1,25,None,None,None,None,None,None,None,3937012,5,1,None,None,186677,0,2,None,None,3738827,14,28,None,None
2021-05-17T00:00:00.000Z,None,None,None,None,None,5222878,5,1,None,None,211610,0,7,None,None,3857252,10,49,None,None,None,None,None,None,None,1281038,2,0,None,None,29465,0,5,None,None,118721,1,22,None,None,None,None,None,None,None,3941573,3,1,None,None,182098,0,2,None,None,3738845,7,27,None,None
2021-05-18T00:00:00.000Z,None,None,None,None,None,5227160,6,2,None,None,209145,0,5,None,None,3855435,16,46,None,None,None,None,None,None,None,1281632,1,1,None,None,29252,0,3,None,None,118340,1,21,None,None,None,None,None,None,None,3945261,5,1,None,None,179846,0,2,None,None,3737409,12,25,None,None
2021-05-19T00:00:00.000Z,None,None,None,None,None,5230843,16,2,None,None,207499,1,5,None,None,3853398,38,45,None,None,None,None,None,None,None,1282227,11,1,None,None,29084,0,3,None,None,117913,3,21,None,None,None,None,None,None,None,3948349,5,1,None,None,178368,1,2,None,None,3735799,17,24,None,None
2021-05-20T00:00:00.000Z,None,None,None,None,None,5234869,5,4,None,None,205574,3,5,None,None,3851297,25,47,None,None,None,None,None,None,None,1282798,0,3,None,None,28865,0,3,None,None,117561,1,22,None,None,None,None,None,None,None,3951804,5,1,None,None,176662,3,2,None,None,3734050,16,25,None,None
2021-05-21T00:00:00.000Z,None,None,None,None,None,5236450,7,3,None,None,205009,0,5,None,None,3850281,15,43,None,None,None,None,None,None,None,1283137,1,2,None,None,28789,0,3,None,None,117298,2,22,None,None,None,None,None,None,None,3953046,6,1,None,None,176173,0,2,None,None,3733297,9,21,None,None
2021-05-22T00:00:00.000Z,None,None,None,None,None,5236633,1,3,None,None,204966,0,5,None,None,3850141,11,43,None,None,None,None,None,None,None,1283298,0,2,None,None,28788,0,3,None,None,117138,2,22,None,None,None,None,None,None,None,3953068,1,1,None,None,176131,0,2,None,None,3733317,7,21,None,None
2021-05-23T00:00:00.000Z,None,None,None,None,None,5237924,6,4,None,None,205875,0,5,None,None,3847941,20,43,None,None,None,None,None,None,None,1283575,2,3,None,None,28847,0,3,None,None,116802,2,22,None,None,None,None,None,None,None,3954082,4,1,None,None,176981,0,2,None,None,3731453,18,21,None,None
2021-05-24T00:00:00.000Z,None,None,None,None,None,5238765,7,4,None,None,207012,0,5,None,None,3845963,21,42,None,None,None,None,None,None,None,1283850,1,3,None,None,28945,0,3,None,None,116429,3,22,None,None,None,None,None,None,None,3954648,6,1,None,None,178020,0,2,None,None,3729848,16,20,None,None
2021-05-25T00:00:00.000Z,None,None,None,None,None,5244110,7,3,None,None,203321,0,3,None,None,3844309,15,41,None,None,None,None,None,None,None,1284662,1,2,None,None,28496,0,1,None,None,116066,1,22,None,None,None,None,None,None,None,3959181,6,1,None,None,174778,0,2,None,None,3728557,10,19,None,None
2021-05-26T00:00:00.000Z,None,None,None,None,None,5249680,3,3,None,None,198988,0,3,None,None,3843072,11,38,None,None,None,None,None,None,None,1285433,1,2,None,None,28046,0,1,None,None,115745,0,22,None,None,None,None,None,None,None,3963979,2,1,None,None,170896,0,2,None,None,3727641,11,16,None,None
2021-05-27T00:00:00.000Z,None,None,None,None,None,5254113,2,3,None,None,196198,0,3,None,None,3841429,12,36,None,None,None,None,None,None,None,1286061,0,2,None,None,27714,0,1,None,None,115449,1,22,None,None,None,None,None,None,None,3967784,2,1,None,None,168438,0,2,None,None,3726294,11,14,None,None
2021-05-28T00:00:00.000Z,None,None,None,None,None,5255618,7,2,None,None,195321,0,3,None,None,3840801,11,35,None,None,None,None,None,None,None,1286357,3,1,None,None,27633,0,1,None,None,115234,1,20,None,None,None,None,None,None,None,3968993,4,1,None,None,167642,0,2,None,None,3725881,10,15,None,None
2021-05-29T00:00:00.000Z,None,None,None,None,None,5256001,3,2,None,None,195043,0,3,None,None,3840696,9,35,None,None,None,None,None,None,None,1286551,2,1,None,None,27636,0,1,None,None,115037,0,20,None,None,None,None,None,None,None,3969182,1,1,None,None,167361,0,2,None,None,3725973,9,15,None,None
2021-05-30T00:00:00.000Z,None,None,None,None,None,5259867,0,2,None,None,192724,0,3,None,None,3839149,3,35,None,None,None,None,None,None,None,1287085,0,1,None,None,27447,0,1,None,None,114692,1,19,None,None,None,None,None,None,None,3972514,0,1,None,None,165231,0,2,None,None,3724771,1,16,None,None
2021-05-31T00:00:00.000Z,None,None,None,None,None,5263984,4,3,None,None,190181,0,3,None,None,3837575,10,34,None,None,None,None,None,None,None,1287657,2,2,None,None,27182,0,1,None,None,114385,0,19,None,None,None,None,None,None,None,3976059,2,1,None,None,162953,0,2,None,None,3723504,9,15,None,None
2021-06-01T00:00:00.000Z,None,None,None,None,None,5267014,6,3,None,None,188347,0,3,None,None,3836379,29,34,None,None,None,None,None,None,None,1288250,1,2,None,None,26888,0,1,None,None,114086,1,19,None,None,None,None,None,None,None,3978496,5,1,None,None,161413,0,2,None,None,3722607,23,15,None,None
2021-06-02T00:00:00.000Z,None,None,None,None,None,5269817,3,4,None,None,186862,0,2,None,None,3835061,10,29,None,None,None,None,None,None,None,1288750,2,3,None,None,26695,0,1,None,None,113779,1,18,None,None,None,None,None,None,None,3980799,1,1,None,None,160121,0,1,None,None,3721596,9,11,None,None
2021-06-03T00:00:00.000Z,None,None,None,None,None,5273407,4,4,None,None,184794,0,2,None,None,3833539,6,29,None,None,None,None,None,None,None,1289287,0,3,None,None,26467,0,1,None,None,113470,1,17,None,None,None,None,None,None,None,3983852,4,1,None,None,158281,0,1,None,None,3720383,4,12,None,None
2021-06-04T00:00:00.000Z,None,None,None,None,None,5274920,9,4,None,None,184211,0,2,None,None,3832609,22,28,None,None,None,None,None,None,None,1289591,3,3,None,None,26347,0,1,None,None,113286,1,17,None,None,None,None,None,None,None,3985061,6,1,None,None,157818,0,1,None,None,3719637,21,11,None,None
2021-06-05T00:00:00.000Z,None,None,None,None,None,5275122,3,3,None,None,184114,0,2,None,None,3832504,2,28,None,None,None,None,None,None,None,1289770,2,2,None,None,26343,0,1,None,None,113111,0,17,None,None,None,None,None,None,None,3985084,1,1,None,None,157725,0,1,None,None,3719707,1,11,None,None
2021-06-06T00:00:00.000Z,None,None,None,None,None,5277449,1,3,None,None,185974,0,2,None,None,3828317,3,30,None,None,None,None,None,None,None,1290209,0,2,None,None,26209,0,1,None,None,112806,1,19,None,None,None,None,None,None,None,3986972,1,1,None,None,159719,0,1,None,None,3715825,1,11,None,None
2021-06-07T00:00:00.000Z,None,None,None,None,None,5279923,4,2,None,None,187740,0,2,None,None,3824077,2,27,None,None,None,None,None,None,None,1290630,1,1,None,None,26112,0,1,None,None,112482,0,18,None,None,None,None,None,None,None,3989025,3,1,None,None,161582,0,1,None,None,3711909,2,9,None,None
2021-06-08T00:00:00.000Z,None,None,None,None,None,5282054,10,2,None,None,189189,0,2,None,None,3820497,20,26,None,None,None,None,None,None,None,1291083,2,2,None,None,25965,0,1,None,None,112176,0,17,None,None,None,None,None,None,None,3990703,8,0,None,None,163178,0,1,None,None,3708635,17,9,None,None
2021-06-09T00:00:00.000Z,None,None,None,None,None,5284007,3,2,None,None,190699,1,2,None,None,3817034,2,26,None,None,None,None,None,None,None,1291464,2,2,None,None,25904,0,1,None,None,111856,0,17,None,None,None,None,None,None,None,3992275,1,0,None,None,164749,1,1,None,None,3705492,1,9,None,None
2021-06-10T00:00:00.000Z,None,None,None,None,None,5285798,8,2,None,None,192101,0,2,None,None,3813841,10,26,None,None,None,None,None,None,None,1291820,3,2,None,None,25815,0,1,None,None,111589,0,16,None,None,None,None,None,None,None,3993710,5,0,None,None,166240,0,1,None,None,3702566,8,10,None,None
2021-06-11T00:00:00.000Z,None,None,None,None,None,5286513,8,2,None,None,192636,2,2,None,None,3812591,8,26,None,None,None,None,None,None,None,1292070,1,2,None,None,25778,0,1,None,None,111376,0,16,None,None,None,None,None,None,None,3994175,7,0,None,None,166812,2,1,None,None,3701529,6,10,None,None
2021-06-12T00:00:00.000Z,None,None,None,None,None,5286605,2,2,None,None,192683,0,2,None,None,3812452,3,24,None,None,None,None,None,None,None,1292267,0,2,None,None,25784,0,1,None,None,111173,1,16,None,None,None,None,None,None,None,3994070,2,0,None,None,166853,0,1,None,None,3701593,1,8,None,None
2021-06-13T00:00:00.000Z,None,None,None,None,None,5287905,1,2,None,None,194429,0,1,None,None,3809406,2,23,None,None,None,None,None,None,None,1292571,0,2,None,None,25754,0,0,None,None,110899,0,15,None,None,None,None,None,None,None,3995066,1,0,None,None,168629,0,1,None,None,3698821,2,8,None,None
2021-06-14T00:00:00.000Z,None,None,None,None,None,5289017,10,3,None,None,196217,1,1,None,None,3806506,15,23,None,None,None,None,None,None,None,1292875,2,3,None,None,25724,0,0,None,None,110625,0,15,None,None,None,None,None,None,None,3995874,8,0,None,None,170447,1,1,None,None,3696195,15,8,None,None
2021-06-15T00:00:00.000Z,None,None,None,None,None,5290438,8,3,None,None,197775,2,1,None,None,3803527,16,20,None,None,None,None,None,None,None,1293182,1,3,None,None,25704,0,0,None,None,110338,0,12,None,None,None,None,None,None,None,3996988,7,0,None,None,172025,2,1,None,None,3693503,15,8,None,None
2021-06-16T00:00:00.000Z,None,None,None,None,None,5292079,5,3,None,None,198716,0,1,None,None,3800945,8,17,None,None,None,None,None,None,None,1293551,0,3,None,None,25609,0,0,None,None,110064,4,11,None,None,None,None,None,None,None,3998260,5,0,None,None,173061,0,1,None,None,3691195,2,6,None,None
2021-06-17T00:00:00.000Z,None,None,None,None,None,5293681,9,2,None,None,199674,0,1,None,None,3798385,17,17,None,None,None,None,None,None,None,1293855,1,2,None,None,25571,0,0,None,None,109798,0,11,None,None,None,None,None,None,None,3999558,8,0,None,None,174057,0,1,None,None,3688901,17,6,None,None
2021-06-18T00:00:00.000Z,None,None,None,None,None,5294235,12,2,None,None,200243,1,1,None,None,3797262,22,16,None,None,None,None,None,None,None,1294056,1,2,None,None,25592,0,0,None,None,109576,0,10,None,None,None,None,None,None,None,3999911,11,0,None,None,174605,1,1,None,None,3688000,20,6,None,None
2021-06-19T00:00:00.000Z,None,None,None,None,None,5294367,6,2,None,None,200253,1,1,None,None,3797120,39,16,None,None,None,None,None,None,None,1294244,1,2,None,None,25595,0,0,None,None,109385,0,10,None,None,None,None,None,None,None,3999855,5,0,None,None,174612,1,1,None,None,3688049,39,6,None,None
2021-06-20T00:00:00.000Z,None,None,None,None,None,5295996,20,3,None,None,201861,4,1,None,None,3793883,25,17,None,None,None,None,None,None,None,1294559,5,3,None,None,25572,0,0,None,None,109093,0,10,None,None,None,None,None,None,None,4001169,15,0,None,None,176243,4,1,None,None,3685104,24,7,None,None
2021-06-21T00:00:00.000Z,None,None,None,None,None,5297912,41,3,None,None,205006,7,1,None,None,3788822,77,17,None,None,None,None,None,None,None,1294904,10,3,None,None,25528,0,0,None,None,108792,2,10,None,None,None,None,None,None,None,4002740,31,0,None,None,179432,7,1,None,None,3680344,74,7,None,None
2021-06-22T00:00:00.000Z,None,None,None,None,None,5299585,40,3,None,None,210092,7,1,None,None,3782063,63,20,None,None,None,None,None,None,None,1295279,10,3,None,None,25511,0,0,None,None,108434,0,12,None,None,None,None,None,None,None,4004038,30,0,None,None,184535,7,1,None,None,3673943,62,8,None,None
2021-06-23T00:00:00.000Z,None,None,None,None,None,5300878,48,3,None,None,219360,4,1,None,None,3771502,88,19,None,None,None,None,None,None,None,1295616,9,3,None,None,25542,0,0,None,None,108066,1,12,None,None,None,None,None,None,None,4004994,39,0,None,None,193772,4,1,None,None,3663750,86,7,None,None
2021-06-24T00:00:00.000Z,None,None,None,None,None,5302426,102,3,None,None,229672,7,1,None,None,3759642,120,18,None,None,None,None,None,None,None,1295942,34,3,None,None,25612,0,0,None,None,107670,2,11,None,None,None,None,None,None,None,4006216,68,0,None,None,204014,7,1,None,None,3652286,118,7,None,None
2021-06-25T00:00:00.000Z,None,None,None,None,None,5302980,96,4,None,None,236047,4,1,None,None,3752713,130,17,None,None,None,None,None,None,None,1296164,29,4,None,None,25642,0,0,None,None,107418,3,10,None,None,None,None,None,None,None,4006548,67,0,None,None,210359,4,1,None,None,3645609,127,7,None,None
2021-06-26T00:00:00.000Z,None,None,None,None,None,5303095,44,5,None,None,238123,5,1,None,None,3750522,67,17,None,None,None,None,None,None,None,1296359,16,5,None,None,25652,0,0,None,None,107213,1,10,None,None,None,None,None,None,None,4006468,28,0,None,None,212425,5,1,None,None,3643623,66,7,None,None
2021-06-27T00:00:00.000Z,None,None,None,None,None,5304891,68,5,None,None,249867,2,2,None,None,3736982,75,15,None,None,None,None,None,None,None,1296725,24,5,None,None,25729,0,0,None,None,106770,1,9,None,None,None,None,None,None,None,4007898,44,0,None,None,224092,2,2,None,None,3630526,73,6,None,None
2021-06-28T00:00:00.000Z,None,None,None,None,None,5306700,124,4,None,None,262415,12,1,None,None,3722625,152,15,None,None,None,None,None,None,None,1297090,39,4,None,None,25805,0,0,None,None,106329,5,9,None,None,None,None,None,None,None,4009342,85,0,None,None,236564,12,1,None,None,3616610,147,6,None,None
2021-06-29T00:00:00.000Z,None,None,None,None,None,5308517,114,4,None,None,277135,10,1,None,None,3706088,170,15,None,None,None,None,None,None,None,1297466,29,4,None,None,25953,0,0,None,None,105805,2,9,None,None,None,None,None,None,None,4010783,85,0,None,None,251136,10,1,None,None,3600597,165,6,None,None
2021-06-30T00:00:00.000Z,None,None,None,None,None,5310807,130,7,None,None,291137,16,0,None,None,3689796,164,15,None,None,None,None,None,None,None,1297877,42,7,None,None,26103,0,0,None,None,105244,2,10,None,None,None,None,None,None,None,4012662,88,0,None,None,264988,16,0,None,None,3584866,158,5,None,None
2021-07-01T00:00:00.000Z,None,None,None,None,None,5313596,146,7,None,None,304999,11,1,None,None,3673145,140,15,None,None,None,None,None,None,None,1298292,41,7,None,None,26219,0,0,None,None,104713,6,10,None,None,None,None,None,None,None,4015036,105,0,None,None,278734,11,1,None,None,3568746,133,5,None,None
2021-07-02T00:00:00.000Z,None,None,None,None,None,5315124,147,8,None,None,313153,11,0,None,None,3663463,171,17,None,None,None,None,None,None,None,1298568,37,8,None,None,26316,0,0,None,None,104340,6,11,None,None,None,None,None,None,None,4016288,110,0,None,None,286791,11,0,None,None,3559437,165,6,None,None
2021-07-03T00:00:00.000Z,None,None,None,None,None,5315419,79,9,None,None,315456,2,0,None,None,3660865,105,18,None,None,None,None,None,None,None,1298778,21,9,None,None,26349,0,0,None,None,104097,1,11,None,None,None,None,None,None,None,4016373,57,0,None,None,289061,2,0,None,None,3557082,104,7,None,None
2021-07-04T00:00:00.000Z,None,None,None,None,None,5320570,176,11,None,None,327957,6,0,None,None,3643213,164,17,None,None,None,None,None,None,None,1299229,50,11,None,None,26485,0,0,None,None,103510,2,9,None,None,None,None,None,None,None,4021073,126,0,None,None,301426,6,0,None,None,3540017,161,8,None,None
2021-07-05T00:00:00.000Z,None,None,None,None,None,5326242,213,11,None,None,339994,20,0,None,None,3625504,271,20,None,None,None,None,None,None,None,1299680,54,11,None,None,26599,0,0,None,None,102945,4,10,None,None,None,None,None,None,None,4026294,159,0,None,None,313349,20,0,None,None,3522873,262,10,None,None
2021-07-06T00:00:00.000Z,None,None,None,None,None,5332439,230,13,None,None,351532,28,0,None,None,3607769,269,22,None,None,None,None,None,None,None,1300192,61,12,None,None,26726,1,0,None,None,102306,14,10,None,None,None,None,None,None,None,4031979,169,1,None,None,324760,27,0,None,None,3505777,254,12,None,None
2021-07-07T00:00:00.000Z,None,None,None,None,None,5338330,261,17,None,None,361005,25,0,None,None,3592405,238,23,None,None,None,None,None,None,None,1300675,75,16,None,None,26836,0,0,None,None,101713,4,10,None,None,None,None,None,None,None,4037387,186,1,None,None,334123,25,0,None,None,3491006,231,13,None,None
2021-07-08T00:00:00.000Z,None,None,None,None,None,5344316,268,18,None,None,371456,14,0,None,None,3575968,184,23,None,None,None,None,None,None,None,1301184,63,18,None,None,26959,3,0,None,None,101081,3,11,None,None,None,None,None,None,None,4042864,205,0,None,None,344451,11,0,None,None,3475201,180,12,None,None
2021-07-09T00:00:00.000Z,None,None,None,None,None,5347358,271,19,None,None,379437,21,0,None,None,3564945,242,20,None,None,None,None,None,None,None,1301506,80,17,None,None,27038,2,0,None,None,100680,3,9,None,None,None,None,None,None,None,4045584,191,2,None,None,352353,19,0,None,None,3464579,238,11,None,None
2021-07-10T00:00:00.000Z,None,None,None,None,None,5348011,125,19,None,None,383682,12,0,None,None,3560047,124,20,None,None,None,None,None,None,None,1301733,21,17,None,None,27090,0,0,None,None,100401,0,11,None,None,None,None,None,None,None,4046010,104,2,None,None,356546,12,0,None,None,3459960,124,9,None,None
2021-07-11T00:00:00.000Z,None,None,None,None,None,5354147,267,27,None,None,378932,18,0,None,None,3558661,158,20,None,None,None,None,None,None,None,1302316,66,25,None,None,26798,0,0,None,None,100110,2,12,None,None,None,None,None,None,None,4051563,201,2,None,None,352088,18,0,None,None,3458865,156,8,None,None
2021-07-12T00:00:00.000Z,None,None,None,None,None,5360459,414,26,None,None,374944,23,0,None,None,3556337,325,19,None,None,None,None,None,None,None,1302798,97,25,None,None,26574,0,0,None,None,99852,8,10,None,None,None,None,None,None,None,4057393,317,1,None,None,348324,23,0,None,None,3456799,314,9,None,None
2021-07-13T00:00:00.000Z,None,None,None,None,None,5367287,402,25,None,None,370966,25,0,None,None,3553487,319,20,None,None,None,None,None,None,None,1303362,92,24,None,None,26299,0,0,None,None,99563,12,10,None,None,None,None,None,None,None,4063657,310,1,None,None,344621,25,0,None,None,3454238,305,10,None,None
2021-07-14T00:00:00.000Z,None,None,None,None,None,5373046,403,32,None,None,367819,28,0,None,None,3550875,340,19,None,None,None,None,None,None,None,1303887,87,31,None,None,26107,0,0,None,None,99230,10,10,None,None,None,None,None,None,None,4068891,315,1,None,None,341666,28,0,None,None,3451959,329,9,None,None
2021-07-15T00:00:00.000Z,None,None,None,None,None,5379054,438,31,None,None,364667,38,1,None,None,3548019,387,22,None,None,None,None,None,None,None,1304409,99,30,None,None,25920,0,1,None,None,98895,4,9,None,None,None,None,None,None,None,4074377,339,1,None,None,338701,38,0,None,None,3449438,382,13,None,None
2021-07-16T00:00:00.000Z,None,None,None,None,None,5382555,564,29,None,None,362321,41,1,None,None,3546864,525,19,None,None,None,None,None,None,None,1304795,131,29,None,None,25786,1,1,None,None,98643,12,9,None,None,None,None,None,None,None,4077492,433,0,None,None,336489,40,0,None,None,3448535,508,10,None,None
2021-07-17T00:00:00.000Z,None,None,None,None,None,5383658,231,35,None,None,361517,24,1,None,None,3546565,177,22,None,None,None,None,None,None,None,1305029,65,35,None,None,25756,0,1,None,None,98439,2,10,None,None,None,None,None,None,None,4078361,165,0,None,None,335715,24,0,None,None,3448440,175,12,None,None
2021-07-18T00:00:00.000Z,None,None,None,None,None,5387691,453,41,None,None,359491,28,1,None,None,3544558,356,24,None,None,None,None,None,None,None,1305397,101,40,None,None,25671,0,1,None,None,98156,10,10,None,None,None,None,None,None,None,4082026,352,1,None,None,333774,28,0,None,None,3446716,341,14,None,None
2021-07-19T00:00:00.000Z,None,None,None,None,None,5392499,692,43,None,None,357786,48,1,None,None,3541455,645,17,None,None,None,None,None,None,None,1305744,131,41,None,None,25655,2,1,None,None,97825,8,10,None,None,None,None,None,None,None,4086487,561,2,None,None,332085,46,0,None,None,3443944,629,7,None,None
2021-07-20T00:00:00.000Z,None,None,None,None,None,5399062,767,38,None,None,353768,37,2,None,None,3538910,606,22,None,None,None,None,None,None,None,1306078,186,36,None,None,25641,0,2,None,None,97505,14,11,None,None,None,None,None,None,None,4092716,581,2,None,None,328081,37,0,None,None,3441719,583,11,None,None
2021-07-21T00:00:00.000Z,None,None,None,None,None,5407322,708,38,None,None,347767,31,2,None,None,3536651,607,27,None,None,None,None,None,None,None,1306454,177,35,None,None,25575,0,2,None,None,97195,18,13,None,None,None,None,None,None,None,4100600,531,3,None,None,322146,31,0,None,None,3439770,582,14,None,None
2021-07-22T00:00:00.000Z,None,None,None,None,None,5417424,662,45,None,None,340457,39,2,None,None,3533859,582,29,None,None,None,None,None,None,None,1306846,148,40,None,None,25514,3,2,None,None,96864,15,14,None,None,None,None,None,None,None,4110310,514,5,None,None,314897,36,0,None,None,3437309,563,15,None,None
2021-07-23T00:00:00.000Z,None,None,None,None,None,5423594,781,54,None,None,336205,28,2,None,None,3531941,631,30,None,None,None,None,None,None,None,1307090,196,48,None,None,25498,0,2,None,None,96636,10,13,None,None,None,None,None,None,None,4116236,585,6,None,None,310661,28,0,None,None,3435619,614,17,None,None
2021-07-24T00:00:00.000Z,None,None,None,None,None,5424965,521,58,None,None,335407,24,3,None,None,3531368,427,28,None,None,None,None,None,None,None,1307283,126,50,None,None,25492,2,3,None,None,96449,9,14,None,None,None,None,None,None,None,4117414,395,8,None,None,309869,22,0,None,None,3435233,415,14,None,None
2021-07-25T00:00:00.000Z,None,None,None,None,None,5435136,793,64,None,None,329581,36,3,None,None,3527023,587,30,None,None,None,None,None,None,None,1307620,167,58,None,None,25545,1,3,None,None,96059,16,13,None,None,None,None,None,None,None,4127248,626,6,None,None,303990,35,0,None,None,3431278,568,17,None,None
2021-07-26T00:00:00.000Z,None,None,None,None,None,5447433,1213,81,None,None,322325,37,3,None,None,3521982,885,39,None,None,None,None,None,None,None,1308001,301,73,None,None,25522,3,3,None,None,95701,28,17,None,None,None,None,None,None,None,4139164,912,8,None,None,296757,34,0,None,None,3426595,850,22,None,None
2021-07-27T00:00:00.000Z,None,None,None,None,None,5459945,1250,99,None,None,315197,50,4,None,None,3516598,986,52,None,None,None,None,None,None,None,1308438,292,90,None,None,25458,3,3,None,None,95328,26,27,None,None,None,None,None,None,None,4151239,956,9,None,None,289693,47,1,None,None,3421584,944,25,None,None
2021-07-28T00:00:00.000Z,None,None,None,None,None,5472316,1157,91,None,None,306729,52,5,None,None,3512695,982,55,None,None,None,None,None,None,None,1308875,285,81,None,None,25361,4,4,None,None,94988,32,28,None,None,None,None,None,None,None,4163173,871,10,None,None,281322,48,1,None,None,3418021,938,27,None,None
2021-07-29T00:00:00.000Z,None,None,None,None,None,5486232,1207,88,None,None,297378,38,5,None,None,3508130,931,61,None,None,None,None,None,None,None,1309293,321,79,None,None,25322,3,4,None,None,94609,30,33,None,None,None,None,None,None,None,4176671,884,9,None,None,272010,35,1,None,None,3413835,890,28,None,None
2021-07-30T00:00:00.000Z,None,None,None,None,None,5494696,1331,114,None,None,291449,44,5,None,None,3505595,1066,60,None,None,None,None,None,None,None,1309583,365,106,None,None,25326,3,4,None,None,94315,23,35,None,None,None,None,None,None,None,4184845,966,8,None,None,266077,40,1,None,None,3411594,1031,25,None,None
2021-07-31T00:00:00.000Z,None,None,None,None,None,5496171,1054,124,None,None,291331,38,7,None,None,3504238,1006,67,None,None,None,None,None,None,None,1309789,220,115,None,None,25349,2,5,None,None,94086,20,41,None,None,None,None,None,None,None,4186114,834,9,None,None,265936,36,2,None,None,3410466,978,26,None,None
2021-08-01T00:00:00.000Z,None,None,None,None,None,5512459,1132,121,None,None,278066,30,7,None,None,3501215,962,67,None,None,None,None,None,None,None,1310258,253,112,None,None,25254,1,5,None,None,93712,26,41,None,None,None,None,None,None,None,4201933,879,9,None,None,252766,29,2,None,None,3407817,922,26,None,None
2021-08-02T00:00:00.000Z,None,None,None,None,None,5526825,2026,138,None,None,266734,63,6,None,None,3498181,1769,69,None,None,None,None,None,None,None,1310757,518,125,None,None,25147,3,5,None,None,93320,47,39,None,None,None,None,None,None,None,4215800,1507,13,None,None,241541,60,1,None,None,3405175,1712,30,None,None
2021-08-03T00:00:00.000Z,None,None,None,None,None,5541304,1731,153,None,None,255559,77,7,None,None,3494877,1503,71,None,None,None,None,None,None,None,1311291,393,141,None,None,25046,6,6,None,None,92887,49,42,None,None,None,None,None,None,None,4229745,1337,12,None,None,230467,70,1,None,None,3402304,1442,29,None,None
2021-08-04T00:00:00.000Z,None,None,None,None,None,5554296,1883,151,None,None,246039,52,7,None,None,3491405,1572,77,None,None,None,None,None,None,None,1311828,381,141,None,None,24942,2,6,None,None,92454,52,44,None,None,None,None,None,None,None,4242200,1499,10,None,None,221051,49,1,None,None,3399265,1503,33,None,None
2021-08-05T00:00:00.000Z,None,None,None,None,None,5569203,2125,166,None,None,235559,63,8,None,None,3486978,1693,86,None,None,None,None,None,None,None,1312399,491,155,None,None,24861,4,7,None,None,91964,57,51,None,None,None,None,None,None,None,4256536,1632,11,None,None,210652,59,1,None,None,3395328,1625,35,None,None
2021-08-06T00:00:00.000Z,None,None,None,None,None,5580398,2062,176,None,None,226724,61,8,None,None,3484618,1765,90,None,None,None,None,None,None,None,1312770,476,163,None,None,24830,2,7,None,None,91624,51,52,None,None,None,None,None,None,None,4267360,1584,13,None,None,201848,59,1,None,None,3393308,1704,38,None,None
2021-08-07T00:00:00.000Z,None,None,None,None,None,5584090,1533,209,None,None,224008,43,6,None,None,3483642,1352,108,None,None,None,None,None,None,None,1313015,292,193,None,None,24813,3,5,None,None,91396,33,62,None,None,None,None,None,None,None,4270807,1241,16,None,None,199149,40,1,None,None,3392560,1316,46,None,None
2021-08-08T00:00:00.000Z,None,None,None,None,None,5587641,1871,232,None,None,225453,52,6,None,None,3478646,1519,123,None,None,None,None,None,None,None,1313397,405,212,None,None,24959,2,5,None,None,90868,51,76,None,None,None,None,None,None,None,4273976,1466,20,None,None,200448,50,1,None,None,3388092,1454,47,None,None
2021-08-09T00:00:00.000Z,None,None,None,None,None,5591042,3421,234,None,None,227350,111,10,None,None,3473348,2839,133,None,None,None,None,None,None,None,1313870,696,214,None,None,25010,10,8,None,None,90344,97,84,None,None,None,None,None,None,None,4276904,2724,20,None,None,202294,101,2,None,None,3383318,2724,49,None,None
2021-08-10T00:00:00.000Z,None,None,None,None,None,5594639,3220,243,None,None,229267,98,10,None,None,3467834,2534,140,None,None,None,None,None,None,None,1314457,686,219,None,None,24977,4,9,None,None,89790,59,87,None,None,None,None,None,None,None,4279914,2534,24,None,None,204244,94,1,None,None,3378358,2453,53,None,None
2021-08-11T00:00:00.000Z,None,None,None,None,None,5598131,3321,250,None,None,231384,103,10,None,None,3462225,2598,145,None,None,None,None,None,None,None,1315116,649,223,None,None,24951,5,10,None,None,89157,79,88,None,None,None,None,None,None,None,4282747,2672,27,None,None,206387,98,0,None,None,3373382,2503,57,None,None
2021-08-12T00:00:00.000Z,None,None,None,None,None,5602196,3322,279,None,None,234330,83,10,None,None,3455214,2740,163,None,None,None,None,None,None,None,1315831,702,253,None,None,24870,2,10,None,None,88523,88,98,None,None,None,None,None,None,None,4286097,2619,26,None,None,209414,81,0,None,None,3367005,2638,65,None,None
2021-08-13T00:00:00.000Z,None,None,None,None,None,5604168,3104,281,None,None,236108,94,11,None,None,3451464,2745,181,None,None,None,None,None,None,None,1316308,584,255,None,None,24787,3,10,None,None,88129,81,108,None,None,None,None,None,None,None,4287592,2519,26,None,None,211275,91,1,None,None,3363649,2640,73,None,None
2021-08-14T00:00:00.000Z,None,None,None,None,None,5604868,2267,295,None,None,237653,81,9,None,None,3449219,1866,188,None,None,None,None,None,None,None,1316637,398,270,None,None,24795,4,8,None,None,87792,50,115,None,None,None,None,None,None,None,4287963,1869,25,None,None,212812,77,1,None,None,3361741,1799,73,None,None
2021-08-15T00:00:00.000Z,None,None,None,None,None,5608687,2741,321,None,None,241004,102,11,None,None,3442049,2347,209,None,None,None,None,None,None,None,1317407,434,280,None,None,24663,3,9,None,None,87154,89,125,None,None,None,None,None,None,None,4291012,2306,41,None,None,216295,98,2,None,None,3355209,2237,84,None,None
2021-08-16T00:00:00.000Z,None,None,None,None,None,5612393,4525,301,None,None,244283,167,12,None,None,3435064,4095,220,None,None,None,None,None,None,None,1318230,789,262,None,None,24531,7,11,None,None,86463,115,134,None,None,None,None,None,None,None,4293895,3732,39,None,None,219706,160,1,None,None,3348915,3957,86,None,None
2021-08-17T00:00:00.000Z,None,None,None,None,None,5615821,4034,327,None,None,248635,143,10,None,None,3427284,3776,237,None,None,None,None,None,None,None,1318992,545,279,None,None,24480,5,10,None,None,85752,106,147,None,None,None,None,None,None,None,4296561,3484,48,None,None,224109,138,0,None,None,3341846,3643,90,None,None
2021-08-18T00:00:00.000Z,None,None,None,None,None,5618629,3951,326,None,None,254533,148,12,None,None,3418578,3903,254,None,None,None,None,None,None,None,1319588,557,270,None,None,24534,5,11,None,None,85102,115,158,None,None,None,None,None,None,None,4298773,3392,56,None,None,229953,143,1,None,None,3333790,3745,96,None,None
2021-08-19T00:00:00.000Z,None,None,None,None,None,5622002,3898,326,None,None,261280,153,12,None,None,3408458,3758,259,None,None,None,None,None,None,None,1320224,519,271,None,None,24612,15,12,None,None,84388,120,154,None,None,None,None,None,None,None,4301510,3377,55,None,None,236622,138,0,None,None,3324384,3608,105,None,None
2021-08-20T00:00:00.000Z,None,None,None,None,None,5624051,3783,320,None,None,264002,160,13,None,None,3403687,3958,270,None,None,None,None,None,None,None,1320639,483,265,None,None,24575,8,12,None,None,84010,114,166,None,None,None,None,None,None,None,4303144,3299,55,None,None,239380,152,1,None,None,3319992,3813,104,None,None
2021-08-21T00:00:00.000Z,None,None,None,None,None,5624730,2629,344,None,None,266831,103,12,None,None,3400179,2683,300,None,None,None,None,None,None,None,1320952,311,278,None,None,24562,5,11,None,None,83710,68,184,None,None,None,None,None,None,None,4303510,2316,66,None,None,242222,98,1,None,None,3316784,2600,116,None,None
2021-08-22T00:00:00.000Z,None,None,None,None,None,5629184,3391,366,None,None,272291,136,13,None,None,3390265,3054,302,None,None,None,None,None,None,None,1321597,328,297,None,None,24587,9,11,None,None,83040,87,181,None,None,None,None,None,None,None,4307318,3060,69,None,None,247658,127,2,None,None,3307540,2939,121,None,None
2021-08-23T00:00:00.000Z,None,None,None,None,None,5634937,4692,347,None,None,277546,229,14,None,None,3379257,5086,323,None,None,None,None,None,None,None,1322424,471,279,None,None,24415,4,12,None,None,82385,125,195,None,None,None,None,None,None,None,4312244,4219,68,None,None,253085,225,2,None,None,3297187,4933,128,None,None
2021-08-24T00:00:00.000Z,None,None,None,None,None,5641348,4786,333,None,None,282968,245,17,None,None,3367424,5050,332,None,None,None,None,None,None,None,1323359,412,272,None,None,24168,12,14,None,None,81697,108,199,None,None,None,None,None,None,None,4317720,4373,61,None,None,258754,233,3,None,None,3286042,4915,133,None,None
2021-08-25T00:00:00.000Z,None,None,None,None,None,5647249,4182,328,None,None,286853,233,16,None,None,3357638,4805,356,None,None,None,None,None,None,None,1324143,372,268,None,None,24005,9,13,None,None,81076,88,213,None,None,None,None,None,None,None,4322837,3806,60,None,None,262802,224,3,None,None,3276877,4681,143,None,None
2021-08-26T00:00:00.000Z,None,None,None,None,None,5654144,4249,316,None,None,290134,203,15,None,None,3347462,4644,360,None,None,None,None,None,None,None,1325068,365,254,None,None,23693,7,13,None,None,80463,102,214,None,None,None,None,None,None,None,4328807,3883,62,None,None,266395,196,2,None,None,3267314,4509,146,None,None
2021-08-27T00:00:00.000Z,None,None,None,None,None,5657658,3887,320,None,None,290953,231,15,None,None,3343129,4561,363,None,None,None,None,None,None,None,1325495,395,255,None,None,23597,6,13,None,None,80132,123,217,None,None,None,None,None,None,None,4331894,3491,65,None,None,267310,225,2,None,None,3263312,4414,146,None,None
2021-08-28T00:00:00.000Z,None,None,None,None,None,5659672,3462,330,None,None,292653,185,17,None,None,3339415,3633,358,None,None,None,None,None,None,None,1325853,303,261,None,None,23521,11,15,None,None,79850,86,213,None,None,None,None,None,None,None,4333550,3156,69,None,None,269086,174,2,None,None,3259880,3534,145,None,None
2021-08-29T00:00:00.000Z,None,None,None,None,None,5666291,3302,340,None,None,296494,203,17,None,None,3328955,3274,396,None,None,None,None,None,None,None,1326601,240,269,None,None,23359,4,13,None,None,79264,82,237,None,None,None,None,None,None,None,4339421,3062,71,None,None,273089,199,4,None,None,3250006,3167,159,None,None
2021-08-30T00:00:00.000Z,None,None,None,None,None,5672667,4548,329,None,None,302563,342,16,None,None,3316510,6257,403,None,None,None,None,None,None,None,1327368,299,260,None,None,23199,15,12,None,None,78657,118,235,None,None,None,None,None,None,None,4345030,4248,69,None,None,279318,327,4,None,None,3238168,6103,168,None,None
2021-08-31T00:00:00.000Z,None,None,None,None,None,5679565,4364,316,None,None,307856,321,17,None,None,3304319,5753,378,None,None,None,None,None,None,None,1328192,347,245,None,None,22954,11,11,None,None,78078,119,219,None,None,None,None,None,None,None,4351104,4012,71,None,None,284856,310,6,None,None,3226556,5594,159,None,None
2021-09-01T00:00:00.000Z,None,None,None,None,None,5685961,4556,294,None,None,310413,351,16,None,None,3295366,6378,374,None,None,None,None,None,None,None,1328953,333,231,None,None,22735,17,10,None,None,77536,126,215,None,None,None,None,None,None,None,4356738,4222,63,None,None,287633,334,6,None,None,3218145,6196,159,None,None
2021-09-02T00:00:00.000Z,None,None,None,None,None,5693449,4364,283,None,None,311760,356,14,None,None,3286531,6589,377,None,None,None,None,None,None,None,1329715,298,219,None,None,22576,8,9,None,None,76933,90,219,None,None,None,None,None,None,None,4363464,4065,64,None,None,289139,348,5,None,None,3209913,6449,158,None,None
2021-09-03T00:00:00.000Z,None,None,None,None,None,5696978,3893,274,None,None,311955,328,12,None,None,3282807,5573,376,None,None,None,None,None,None,None,1330091,295,213,None,None,22481,9,8,None,None,76652,107,212,None,None,None,None,None,None,None,4366616,3597,61,None,None,289430,319,4,None,None,3206470,5436,164,None,None
2021-09-04T00:00:00.000Z,None,None,None,None,None,5698991,2083,282,None,None,312616,167,12,None,None,3280133,2725,386,None,None,None,None,None,None,None,1330400,134,216,None,None,22416,8,8,None,None,76408,58,217,None,None,None,None,None,None,None,4368320,1948,66,None,None,290156,159,4,None,None,3204040,2638,169,None,None
2021-09-05T00:00:00.000Z,None,None,None,None,None,5707493,478,276,None,None,304131,18,13,None,None,3280116,388,392,None,None,None,None,None,None,None,1331170,26,210,None,None,21825,0,9,None,None,76229,6,218,None,None,None,None,None,None,None,4376051,452,66,None,None,282263,18,4,None,None,3204202,378,172,None,None
