,All ages - Total population,,,,All ages - Daily verified,,,,All ages - Total serious,,,,All ages - New serious,,,,All ages - Total deaths,,,,Above 60 - Total population,,,,Above 60 - Daily verified,,,,Above 60 - Total serious,,,,Above 60 - New serious,,,,Above 60 - Total deaths,,,,Below 60 - Total population,,,,Below 60 - Daily verified,,,,Below 60 - Total serious,,,,Below 60 - New serious,,,,Below 60 - Total deaths,,,
Date,Booster vaccinated,Fully vaccinated,Partially vaccinated,Not vaccinated,Booster vaccinated,Fully vaccinated,Partially vaccinated,Not vaccinated,Booster vaccinated,Fully vaccinated,Partially vaccinated,Not vaccinated,Booster vaccinated,Fully vaccinated,Partially vaccinated,Not vaccinated,Booster vaccinated,Fully vaccinated,Partially vaccinated,Not vaccinated,Booster vaccinated,Fully vaccinated,Partially vaccinated,Not vaccinated,Booster vaccinated,Fully vaccinated,Partially vaccinated,Not vaccinated,Booster vaccinated,Fully vaccinated,Partially vaccinated,Not vaccinated,Booster vaccinated,Fully vaccinated,Partially vaccinated,Not vaccinated,Booster vaccinated,Fully vaccinated,Partially vaccinated,Not vaccinated,Booster vaccinated,Fully vaccinated,Partially vaccinated,Not vaccinated,Booster vaccinated,Fully vaccinated,Partially vaccinated,Not vaccinated,Booster vaccinated,Fully vaccinated,Partially vaccinated,Not vaccinated,Booster vaccinated,Fully vaccinated,Partially vaccinated,Not vaccinated,Booster vaccinated,Fully vaccinated,Partially vaccinated,Not vaccinated
2020-12-21T00:00:00.000Z,None,0,32324,9259416,None,0,0,3856,None,0,0,485,None,None,None,None,None,None,None,None,None,0,14373,1414851,None,0,0,435,None,0,0,373,None,None,None,None,None,None,None,None,None,0,17951,7844565,None,0,0,3369,None,0,0,112,None,None,None,None,None,None,None,None
2020-12-22T00:00:00.000Z,None,0,76945,9214795,None,0,9,4372,None,0,0,509,None,None,None,None,None,None,None,None,None,0,42924,1386300,None,0,0,479,None,0,0,396,None,None,None,None,None,None,None,None,None,0,34014,7828502,None,0,9,3857,None,0,0,113,None,None,None,None,None,None,None,None
2020-12-23T00:00:00.000Z,None,0,139792,9151948,None,0,19,4017,None,0,0,507,None,None,None,None,None,None,None,None,None,0,86995,1342229,None,0,4,486,None,0,0,383,None,None,None,None,None,None,None,None,None,0,52775,7809741,None,0,15,3507,None,0,0,124,None,None,None,None,None,None,None,None
2020-12-24T00:00:00.000Z,None,0,213135,9078605,None,0,34,4020,None,0,0,524,None,None,None,None,None,None,None,None,None,0,140794,1288430,None,0,9,475,None,0,0,396,None,None,None,None,None,None,None,None,None,0,72318,7790198,None,0,25,3524,None,0,0,128,None,None,None,None,None,None,None,None
2020-12-25T00:00:00.000Z,None,0,251597,9040143,None,0,34,3978,None,0,0,551,None,None,None,None,None,None,None,None,None,0,170426,1258798,None,0,13,424,None,0,0,408,None,None,None,None,None,None,None,None,None,0,81139,7781377,None,0,21,3539,None,0,0,143,None,None,None,None,None,None,None,None
2020-12-26T00:00:00.000Z,None,0,284179,9007561,None,0,36,2623,None,0,0,574,None,None,None,None,None,None,None,None,None,0,196125,1233099,None,0,12,354,None,0,0,421,None,None,None,None,None,None,None,None,None,0,88022,7774494,None,0,24,2259,None,0,0,153,None,None,None,None,None,None,None,None
2020-12-27T00:00:00.000Z,None,2,388589,8903149,None,0,77,3451,None,0,0,610,None,None,None,None,None,None,None,None,None,0,268182,1161042,None,0,20,398,None,0,0,442,None,None,None,None,None,None,None,None,None,2,120326,7742188,None,0,56,3028,None,0,0,168,None,None,None,None,None,None,None,None
2020-12-28T00:00:00.000Z,None,3,523448,8768289,None,0,115,5404,None,0,1,610,None,None,None,None,None,None,None,None,None,0,352520,1076704,None,0,47,553,None,0,1,444,None,None,None,None,None,None,None,None,None,3,170810,7691703,None,0,68,4806,None,0,0,166,None,None,None,None,None,None,None,None
2020-12-29T00:00:00.000Z,None,9,679489,8612242,None,0,164,5475,None,0,2,631,None,None,None,None,None,None,None,None,None,0,447708,981516,None,0,64,512,None,0,2,464,None,None,None,None,None,None,None,None,None,9,231615,7630892,None,0,100,4926,None,0,0,167,None,None,None,None,None,None,None,None
2020-12-30T00:00:00.000Z,None,29,832286,8459425,None,0,288,5579,None,0,9,650,None,None,None,None,None,None,None,None,None,5,536420,892799,None,0,113,473,None,0,8,478,None,None,None,None,None,None,None,None,None,24,295668,7566824,None,0,174,5081,None,0,1,172,None,None,None,None,None,None,None,None
2020-12-31T00:00:00.000Z,None,44,990553,8301143,None,0,352,5523,None,0,9,692,None,None,None,None,None,None,None,None,None,12,617443,811769,None,0,146,438,None,0,7,516,None,None,None,None,None,None,None,None,None,32,372875,7489609,None,0,206,5022,None,0,2,176,None,None,None,None,None,None,None,None
2021-01-01T00:00:00.000Z,None,51,1061814,8229875,None,0,426,5595,None,0,19,709,None,None,None,None,None,None,None,None,None,17,652331,776876,None,0,192,444,None,0,17,523,None,None,None,None,None,None,None,None,None,34,409239,7453243,None,0,234,5106,None,0,2,186,None,None,None,None,None,None,None,None
2021-01-02T00:00:00.000Z,None,53,1133448,8158239,None,0,344,3875,None,0,25,714,None,None,None,None,None,None,None,None,None,18,681880,747326,None,0,164,303,None,0,23,533,None,None,None,None,None,None,None,None,None,35,451308,7411173,None,0,180,3553,None,0,2,181,None,None,None,None,None,None,None,None
2021-01-03T00:00:00.000Z,None,87,1282882,8008771,None,0,554,4676,None,0,36,756,None,None,None,None,None,None,None,None,None,30,753479,675715,None,0,242,342,None,0,33,574,None,None,None,None,None,None,None,None,None,57,529135,7333324,None,0,311,4301,None,0,3,182,None,None,None,None,None,None,None,None
2021-01-04T00:00:00.000Z,None,133,1434740,7856867,None,0,876,7532,None,0,54,771,None,None,None,None,None,None,None,None,None,48,818723,610453,None,0,373,407,None,0,50,592,None,None,None,None,None,None,None,None,None,85,615743,7246688,None,0,498,7046,None,0,4,179,None,None,None,None,None,None,None,None
2021-01-05T00:00:00.000Z,None,202,1559583,7731955,None,0,829,7408,None,0,78,785,None,None,None,None,None,None,None,None,None,81,876311,552832,None,0,340,411,None,0,71,600,None,None,None,None,None,None,None,None,None,121,682993,7179402,None,0,488,6944,None,0,7,185,None,None,None,None,None,None,None,None
2021-01-06T00:00:00.000Z,None,284,1662612,7628844,None,0,942,6937,None,0,102,802,None,None,None,None,None,None,None,None,None,112,924432,504680,None,0,397,421,None,0,88,604,None,None,None,None,None,None,None,None,None,172,737899,7124445,None,0,542,6455,None,0,14,198,None,None,None,None,None,None,None,None
2021-01-07T00:00:00.000Z,None,353,1778394,7512993,None,0,969,6680,None,0,112,802,None,None,None,None,None,None,None,None,None,144,969266,459814,None,0,412,352,None,0,95,602,None,None,None,None,None,None,None,None,None,209,808846,7053461,None,0,554,6275,None,0,17,200,None,None,None,None,None,None,None,None
2021-01-08T00:00:00.000Z,None,367,1844692,7446681,None,0,1262,6898,None,0,135,790,None,None,None,None,None,None,None,None,None,154,986529,442541,None,0,553,349,None,0,109,578,None,None,None,None,None,None,None,None,None,213,857880,7004423,None,0,703,6509,None,0,26,212,None,None,None,None,None,None,None,None
2021-01-09T00:00:00.000Z,None,395,1889126,7402219,None,0,756,4402,None,0,180,807,None,None,None,None,None,None,None,None,None,170,996197,432857,None,0,331,236,None,0,149,597,None,None,None,None,None,None,None,None,None,225,892646,6969645,None,0,423,4151,None,0,31,210,None,None,None,None,None,None,None,None
2021-01-10T00:00:00.000Z,None,466,1926605,7364669,None,0,968,5968,None,1,227,836,None,None,None,None,None,None,None,None,None,201,1006486,422537,None,0,416,261,None,1,194,611,None,None,None,None,None,None,None,None,None,265,919836,6942415,None,0,549,5671,None,0,33,225,None,None,None,None,None,None,None,None
2021-01-11T00:00:00.000Z,None,540,1947561,7343639,None,0,1364,8349,None,2,256,815,None,None,None,None,None,None,None,None,None,230,1011401,417593,None,0,568,330,None,2,225,591,None,None,None,None,None,None,None,None,None,310,935877,6926329,None,0,793,7946,None,0,31,224,None,None,None,None,None,None,None,None
2021-01-12T00:00:00.000Z,None,584,1971433,7319723,None,0,1380,7919,None,1,264,806,None,None,None,None,None,None,None,None,None,251,1016688,412285,None,0,599,337,None,1,224,570,None,None,None,None,None,None,None,None,None,333,954462,6907721,None,0,779,7536,None,0,40,236,None,None,None,None,None,None,None,None
2021-01-13T00:00:00.000Z,None,639,2023313,7267788,None,0,1487,7984,None,1,284,793,None,None,None,None,None,None,None,None,None,276,1026000,402948,None,0,640,311,None,1,242,556,None,None,None,None,None,None,None,None,None,363,997030,6865123,None,0,844,7619,None,0,42,237,None,None,None,None,None,None,None,None
2021-01-14T00:00:00.000Z,None,735,2079525,7211480,None,0,1423,7872,None,1,311,818,None,None,None,None,None,None,None,None,None,303,1033500,395421,None,0,596,318,None,1,263,564,None,None,None,None,None,None,None,None,None,432,1045741,6816343,None,0,822,7491,None,0,48,254,None,None,None,None,None,None,None,None
2021-01-15T00:00:00.000Z,None,772,2110115,7180853,None,0,1242,7188,None,1,351,803,None,None,None,None,None,None,None,None,None,316,1037274,391634,None,0,543,281,None,1,307,550,None,None,None,None,None,None,None,None,None,456,1072557,6789503,None,0,697,6831,None,0,44,253,None,None,None,None,None,None,None,None
2021-01-16T00:00:00.000Z,None,824,2139429,7151487,None,0,858,4229,None,0,358,814,None,None,None,None,None,None,None,None,None,327,1039809,389088,None,0,333,207,None,0,311,557,None,None,None,None,None,None,None,None,None,497,1099336,6762683,None,0,521,3997,None,0,47,257,None,None,None,None,None,None,None,None
2021-01-17T00:00:00.000Z,None,6844,2201676,7083220,None,1,945,4701,None,1,382,799,None,None,None,None,None,None,None,None,None,1680,1045523,382021,None,0,345,229,None,0,334,538,None,None,None,None,None,None,None,None,None,5164,1155869,6701483,None,1,598,4434,None,1,48,261,None,None,None,None,None,None,None,None
2021-01-18T00:00:00.000Z,None,26099,2251963,7013678,None,5,1399,8713,None,1,376,788,None,None,None,None,None,None,None,None,None,11189,1042078,375957,None,3,584,306,None,0,328,540,None,None,None,None,None,None,None,None,None,14910,1209601,6638005,None,2,810,8324,None,1,48,248,None,None,None,None,None,None,None,None
2021-01-19T00:00:00.000Z,None,61748,2288939,6941053,None,8,1292,7325,None,2,403,774,None,None,None,None,None,None,None,None,None,33271,1026194,369759,None,2,503,295,None,0,356,537,None,None,None,None,None,None,None,None,None,28470,1262468,6571578,None,6,785,6971,None,2,47,237,None,None,None,None,None,None,None,None
2021-01-20T00:00:00.000Z,None,118590,2308671,6864479,None,17,1186,7161,None,3,406,759,None,None,None,None,None,None,None,None,None,72627,992555,364042,None,9,460,302,None,1,354,518,None,None,None,None,None,None,None,None,None,45941,1315854,6500721,None,8,722,6805,None,2,52,241,None,None,None,None,None,None,None,None
2021-01-21T00:00:00.000Z,None,187378,2309589,6794773,None,25,987,6261,None,6,410,737,None,None,None,None,None,None,None,None,None,122649,948935,357640,None,10,396,270,None,3,358,493,None,None,None,None,None,None,None,None,None,64706,1360391,6437419,None,15,589,5941,None,3,52,244,None,None,None,None,None,None,None,None
2021-01-22T00:00:00.000Z,None,223273,2311421,6757046,None,26,1041,6322,None,7,412,727,None,None,None,None,None,None,None,None,None,150482,924384,354358,None,16,339,231,None,4,360,476,None,None,None,None,None,None,None,None,None,72762,1386779,6402975,None,9,701,6057,None,3,52,251,None,None,None,None,None,None,None,None
2021-01-23T00:00:00.000Z,None,249264,2325296,6717180,None,12,425,2012,None,8,427,733,None,None,None,None,None,None,None,None,None,171348,906205,351671,None,7,144,111,None,5,370,475,None,None,None,None,None,None,None,None,None,77887,1418830,6365799,None,5,279,1884,None,3,57,258,None,None,None,None,None,None,None,None
2021-01-24T00:00:00.000Z,None,333841,2309668,6648231,None,29,814,4102,None,9,430,742,None,None,None,None,None,None,None,None,None,231772,852007,345445,None,20,240,180,None,5,370,472,None,None,None,None,None,None,None,None,None,101992,1457445,6303079,None,9,574,3881,None,4,60,270,None,None,None,None,None,None,None,None
2021-01-25T00:00:00.000Z,None,454251,2270006,6567483,None,72,1255,7405,None,8,445,716,None,None,None,None,None,None,None,None,None,309978,780305,338941,None,48,367,294,None,4,383,465,None,None,None,None,None,None,None,None,None,144162,1489519,6228835,None,24,886,7068,None,4,62,250,None,None,None,None,None,None,None,None
2021-01-26T00:00:00.000Z,None,591989,2210767,6488984,None,95,1106,6600,None,9,440,733,None,None,None,None,None,None,None,None,None,396466,699833,332925,None,64,302,259,None,6,378,460,None,None,None,None,None,None,None,None,None,195368,1510796,6156352,None,31,797,6287,None,3,62,272,None,None,None,None,None,None,None,None
2021-01-27T00:00:00.000Z,None,735615,2144852,6411273,None,116,1168,6443,None,11,411,728,None,None,None,None,None,None,None,None,None,481479,620242,327503,None,70,252,242,None,7,350,450,None,None,None,None,None,None,None,None,None,253954,1524499,6084063,None,46,911,6104,None,4,61,277,None,None,None,None,None,None,None,None
2021-01-28T00:00:00.000Z,None,899826,2060057,6331857,None,173,1143,5868,None,14,411,745,None,None,None,None,None,None,None,None,None,570396,536175,322653,None,116,222,253,None,10,352,455,None,None,None,None,None,None,None,None,None,329219,1523800,6009497,None,57,920,5572,None,4,59,290,None,None,None,None,None,None,None,None
2021-01-29T00:00:00.000Z,None,970817,2025593,6295330,None,131,1073,5557,None,17,399,723,None,None,None,None,None,None,None,None,None,607779,500718,320727,None,86,194,182,None,13,339,433,None,None,None,None,None,None,None,None,None,362819,1524801,5974896,None,45,877,5342,None,4,60,290,None,None,None,None,None,None,None,None
2021-01-30T00:00:00.000Z,None,1024330,2006380,6261030,None,38,445,2140,None,27,391,723,None,None,None,None,None,None,None,None,None,634240,475830,319154,None,26,78,102,None,22,332,431,None,None,None,None,None,None,None,None,None,389860,1530487,5942169,None,12,367,2023,None,5,59,292,None,None,None,None,None,None,None,None
2021-01-31T00:00:00.000Z,None,1164887,1939018,6187835,None,103,1008,4115,None,33,386,725,None,None,None,None,None,None,None,None,None,702603,412330,314291,None,56,131,143,None,28,325,417,None,None,None,None,None,None,None,None,None,462046,1526633,5873837,None,47,875,3950,None,5,61,308,None,None,None,None,None,None,None,None
2021-02-01T00:00:00.000Z,None,1304314,1881890,6105536,None,217,1444,7264,None,44,360,720,None,None,None,None,None,None,None,None,None,765416,354881,308927,None,127,205,260,None,37,298,430,None,None,None,None,None,None,None,None,None,538655,1526959,5796902,None,88,1234,6963,None,7,62,289,None,None,None,None,None,None,None,None
2021-02-02T00:00:00.000Z,None,1430632,1825449,6035659,None,226,1259,6532,None,51,346,699,None,None,None,None,None,None,None,None,None,822385,303195,303644,None,124,163,258,None,43,282,408,None,None,None,None,None,None,None,None,None,607998,1522210,5732308,None,101,1093,6228,None,8,64,289,None,None,None,None,None,None,None,None
2021-02-03T00:00:00.000Z,None,1555589,1760580,5975571,None,177,1212,6081,None,53,346,730,None,None,None,None,None,None,None,None,None,878157,252313,298754,None,85,123,213,None,45,282,420,None,None,None,None,None,None,None,None,None,677180,1508226,5677110,None,92,1086,5802,None,8,64,309,None,None,None,None,None,None,None,None
2021-02-04T00:00:00.000Z,None,1686080,1702501,5903159,None,196,1077,5977,None,66,315,728,None,None,None,None,None,None,None,None,None,930409,203957,294858,None,112,73,230,None,57,250,415,None,None,None,None,None,None,None,None,None,755418,1498504,5608594,None,84,1002,5699,None,9,65,312,None,None,None,None,None,None,None,None
2021-02-05T00:00:00.000Z,None,1750757,1671608,5869375,None,168,1073,5344,None,65,312,741,None,None,None,None,None,None,None,None,None,950518,185711,292995,None,85,93,218,None,55,241,407,None,None,None,None,None,None,None,None,None,799986,1485857,5576673,None,82,978,5094,None,10,71,333,None,None,None,None,None,None,None,None
2021-02-06T00:00:00.000Z,None,1793446,1650459,5847835,None,66,445,2146,None,64,294,764,None,None,None,None,None,None,None,None,None,962058,175172,291994,None,33,46,122,None,54,229,424,None,None,None,None,None,None,None,None,None,831135,1475247,5556134,None,33,396,2014,None,10,65,339,None,None,None,None,None,None,None,None
2021-02-07T00:00:00.000Z,None,1852893,1644969,5793878,None,138,833,3626,None,66,292,783,None,None,None,None,None,None,None,None,None,982482,158397,288345,None,68,58,140,None,56,224,437,None,None,None,None,None,None,None,None,None,870158,1486532,5505826,None,68,774,3470,None,10,68,345,None,None,None,None,None,None,None,None
2021-02-08T00:00:00.000Z,None,1888276,1668080,5735384,None,177,1191,6475,None,74,273,763,None,None,None,None,None,None,None,None,None,992274,152249,284701,None,103,95,267,None,63,212,426,None,None,None,None,None,None,None,None,None,895749,1515791,5450976,None,74,1093,6174,None,11,61,335,None,None,None,None,None,None,None,None
2021-02-09T00:00:00.000Z,None,1919299,1703198,5669243,None,148,940,5076,None,70,253,741,None,None,None,None,None,None,None,None,None,1000344,148432,280448,None,77,86,224,None,60,190,411,None,None,None,None,None,None,None,None,None,918701,1554727,5389088,None,70,854,4816,None,10,63,327,None,None,None,None,None,None,None,None
2021-02-10T00:00:00.000Z,None,1970688,1722158,5598894,None,107,849,4720,None,66,230,746,None,None,None,None,None,None,None,None,None,1010660,142460,276104,None,50,65,199,None,57,174,417,None,None,None,None,None,None,None,None,None,959774,1579659,5323083,None,57,784,4484,None,9,56,326,None,None,None,None,None,None,None,None
2021-02-11T00:00:00.000Z,None,2028731,1745141,5517868,None,92,696,4221,None,59,215,727,None,None,None,None,None,None,None,None,None,1019164,138734,271326,None,46,49,190,None,51,165,391,None,None,None,None,None,None,None,None,None,1009312,1606369,5246835,None,46,646,4001,None,8,50,334,None,None,None,None,None,None,None,None
2021-02-12T00:00:00.000Z,None,2057428,1755390,5478922,None,91,706,3872,None,53,209,702,None,None,None,None,None,None,None,None,None,1023131,136982,269111,None,40,59,167,None,46,157,381,None,None,None,None,None,None,None,None,None,1034042,1618370,5210104,None,51,646,3675,None,7,52,320,None,None,None,None,None,None,None,None
2021-02-13T00:00:00.000Z,None,2079577,1760631,5451532,None,29,281,1577,None,45,213,712,None,None,None,None,None,None,None,None,None,1025243,136398,267583,None,15,21,66,None,38,160,388,None,None,None,None,None,None,None,None,None,1054079,1624195,5184242,None,14,260,1499,None,7,53,323,None,None,None,None,None,None,None,None
2021-02-14T00:00:00.000Z,None,2148175,1766780,5376785,None,69,591,2823,None,53,222,738,None,None,None,None,None,None,None,None,None,1032824,134266,262134,None,30,41,120,None,45,159,397,None,None,None,None,None,None,None,None,None,1115096,1632476,5114944,None,38,549,2684,None,8,63,339,None,None,None,None,None,None,None,None
2021-02-15T00:00:00.000Z,None,2213482,1782803,5295455,None,99,747,4345,None,58,204,737,None,None,None,None,None,None,None,None,None,1039130,133914,256180,None,32,65,197,None,48,150,397,None,None,None,None,None,None,None,None,None,1174097,1648851,5039568,None,67,681,4118,None,10,54,338,None,None,None,None,None,None,None,None
2021-02-16T00:00:00.000Z,None,2280901,1798712,5212127,None,81,712,3776,None,52,191,703,None,None,None,None,None,None,None,None,None,1045195,133783,250246,None,42,38,147,None,44,143,373,None,None,None,None,None,None,None,None,None,1235451,1664891,4962174,None,39,672,3604,None,8,48,329,None,None,None,None,None,None,None,None
2021-02-17T00:00:00.000Z,None,2353026,1788390,5150324,None,101,660,3407,None,51,190,708,None,None,None,None,None,None,None,None,None,1051001,131433,246790,None,41,43,131,None,43,139,367,None,None,None,None,None,None,None,None,None,1301769,1656920,4903827,None,60,617,3235,None,8,51,340,None,None,None,None,None,None,None,None
2021-02-18T00:00:00.000Z,None,2425021,1785380,5081339,None,74,517,2741,None,48,174,672,None,None,None,None,None,None,None,None,None,1057541,128773,242910,None,34,29,104,None,39,130,346,None,None,None,None,None,None,None,None,None,1367224,1656570,4838722,None,40,488,2595,None,9,44,325,None,None,None,None,None,None,None,None
2021-02-19T00:00:00.000Z,None,2462490,1787476,5041774,None,75,632,3086,None,44,161,628,None,None,None,None,None,None,None,None,None,1060861,127459,240904,None,27,42,132,None,35,121,325,None,None,None,None,None,None,None,None,None,1401373,1659980,4801163,None,48,590,2931,None,9,40,302,None,None,None,None,None,None,None,None
2021-02-20T00:00:00.000Z,None,2492877,1788675,5010188,None,24,215,1016,None,43,149,630,None,None,None,None,None,None,None,None,None,1062953,126994,239277,None,14,26,42,None,32,111,311,None,None,None,None,None,None,None,None,None,1429668,1661644,4771204,None,10,189,966,None,11,38,318,None,None,None,None,None,None,None,None
2021-02-21T00:00:00.000Z,None,2561871,1799003,4930866,None,75,591,2441,None,44,145,623,None,None,None,None,None,None,None,None,None,1069191,126752,233281,None,21,31,123,None,34,109,306,None,None,None,None,None,None,None,None,None,1492424,1672214,4697878,None,54,560,2303,None,10,36,316,None,None,None,None,None,None,None,None
2021-02-22T00:00:00.000Z,None,2637497,1808272,4845971,None,112,779,3917,None,41,137,630,None,None,None,None,None,None,None,None,None,1075973,126746,226505,None,44,70,169,None,33,104,312,None,None,None,None,None,None,None,None,None,1561268,1681489,4619759,None,68,709,3708,None,8,33,317,None,None,None,None,None,None,None,None
2021-02-23T00:00:00.000Z,None,2715804,1807164,4768772,None,107,813,3527,None,41,141,609,None,None,None,None,None,None,None,None,None,1082008,126651,220565,None,37,35,155,None,33,103,301,None,None,None,None,None,None,None,None,None,1633538,1680478,4548500,None,70,778,3343,None,8,38,308,None,None,None,None,None,None,None,None
2021-02-24T00:00:00.000Z,None,2791315,1792539,4707886,None,109,832,3433,None,40,142,604,None,None,None,None,None,None,None,None,None,1087008,126597,215619,None,45,49,132,None,32,96,292,None,None,None,None,None,None,None,None,None,1704049,1665907,4492560,None,64,783,3269,None,8,46,312,None,None,None,None,None,None,None,None
2021-02-25T00:00:00.000Z,None,2870958,1764445,4656337,None,102,771,2941,None,37,121,589,None,None,None,None,None,None,None,None,None,1091823,126072,211329,None,31,47,122,None,29,80,284,None,None,None,None,None,None,None,None,None,1778877,1638338,4445301,None,71,723,2794,None,8,41,305,None,None,None,None,None,None,None,None
2021-02-26T00:00:00.000Z,None,2909038,1752131,4630571,None,94,812,2907,None,38,124,578,None,None,None,None,None,None,None,None,None,1093893,125941,209390,None,25,40,110,None,30,86,274,None,None,None,None,None,None,None,None,None,1814887,1626155,4421474,None,69,771,2773,None,8,38,304,None,None,None,None,None,None,None,None
2021-02-27T00:00:00.000Z,None,2937724,1741707,4612309,None,60,319,1059,None,45,123,568,None,None,None,None,None,None,None,None,None,1095257,125826,208141,None,27,27,40,None,37,83,276,None,None,None,None,None,None,None,None,None,1842209,1615846,4404461,None,33,291,1003,None,8,40,291,None,None,None,None,None,None,None,None
2021-02-28T00:00:00.000Z,None,3016325,1703280,4572135,None,105,723,2232,None,47,127,570,None,None,None,None,None,None,None,None,None,1100773,123984,204467,None,29,35,97,None,39,87,276,None,None,None,None,None,None,None,None,None,1915293,1579262,4367961,None,76,688,2122,None,8,40,294,None,None,None,None,None,None,None,None
2021-03-01T00:00:00.000Z,None,3096979,1668144,4526617,None,137,1006,3712,None,45,125,559,None,None,None,None,None,None,None,None,None,1106521,122722,199981,None,49,71,145,None,36,88,277,None,None,None,None,None,None,None,None,None,1990199,1545388,4326929,None,88,934,3525,None,9,37,281,None,None,None,None,None,None,None,None
2021-03-02T00:00:00.000Z,None,3167596,1638536,4485608,None,140,927,3311,None,41,125,537,None,None,None,None,None,None,None,None,None,1111800,122062,195362,None,34,62,128,None,34,85,268,None,None,None,None,None,None,None,None,None,2055537,1516420,4290559,None,106,863,3140,None,7,40,268,None,None,None,None,None,None,None,None
2021-03-03T00:00:00.000Z,None,3230705,1617219,4443816,None,152,1036,3482,None,43,137,537,None,None,None,None,None,None,None,None,None,1116649,121990,190585,None,50,74,108,None,34,92,280,None,None,None,None,None,None,None,None,None,2113797,1495175,4253544,None,101,961,3334,None,9,45,257,None,None,None,None,None,None,None,None
2021-03-04T00:00:00.000Z,None,3295402,1592008,4404330,None,141,767,2750,None,48,132,525,None,None,None,None,None,None,None,None,None,1120659,122027,186538,None,51,53,82,None,37,86,272,None,None,None,None,None,None,None,None,None,2174484,1469927,4218105,None,90,714,2652,None,11,46,253,None,None,None,None,None,None,None,None
2021-03-05T00:00:00.000Z,None,3327337,1577237,4387166,None,114,711,2887,None,47,125,494,None,None,None,None,None,None,None,None,None,1122489,121886,184849,None,42,52,82,None,37,80,256,None,None,None,None,None,None,None,None,None,2204589,1455297,4202630,None,72,659,2794,None,10,45,238,None,None,None,None,None,None,None,None
2021-03-06T00:00:00.000Z,None,3348501,1566643,4376596,None,83,387,1400,None,53,126,517,None,None,None,None,None,None,None,None,None,1123493,121863,183868,None,22,32,59,None,44,77,268,None,None,None,None,None,None,None,None,None,2224749,1444726,4193041,None,61,354,1334,None,9,49,249,None,None,None,None,None,None,None,None
2021-03-07T00:00:00.000Z,None,3405301,1540824,4345615,None,93,494,1758,None,54,115,535,None,None,None,None,None,None,None,None,None,1127374,121535,180315,None,25,47,69,None,45,73,275,None,None,None,None,None,None,None,None,None,2277668,1419234,4165614,None,68,447,1670,None,9,42,260,None,None,None,None,None,None,None,None
2021-03-08T00:00:00.000Z,None,3470131,1503155,4318454,None,140,714,2929,None,55,109,511,None,None,None,None,None,None,None,None,None,1131708,120105,177411,None,57,66,103,None,45,67,253,None,None,None,None,None,None,None,None,None,2338164,1382995,4141357,None,83,647,2793,None,10,42,258,None,None,None,None,None,None,None,None
2021-03-09T00:00:00.000Z,None,3541983,1457807,4291950,None,134,557,2429,None,55,114,495,None,None,None,None,None,None,None,None,None,1137238,117456,174530,None,44,43,83,None,45,68,245,None,None,None,None,None,None,None,None,None,2404486,1340296,4117734,None,90,514,2317,None,10,46,250,None,None,None,None,None,None,None,None
2021-03-10T00:00:00.000Z,None,3616895,1405994,4268851,None,131,471,2230,None,53,107,484,None,None,None,None,None,None,None,None,None,1143142,113886,172196,None,29,37,67,None,44,71,247,None,None,None,None,None,None,None,None,None,2473493,1292054,4096969,None,102,433,2144,None,9,36,237,None,None,None,None,None,None,None,None
2021-03-11T00:00:00.000Z,None,3704162,1341791,4245787,None,124,426,1999,None,51,110,472,None,None,None,None,None,None,None,None,None,1149286,109979,169959,None,41,49,66,None,43,72,237,None,None,None,None,None,None,None,None,None,2554616,1231758,4076142,None,83,377,1916,None,8,38,235,None,None,None,None,None,None,None,None
2021-03-12T00:00:00.000Z,None,3748288,1308765,4234687,None,98,403,1912,None,53,110,452,None,None,None,None,None,None,None,None,None,1151979,108281,168964,None,23,38,79,None,42,72,227,None,None,None,None,None,None,None,None,None,2596049,1200430,4066037,None,75,365,1810,None,11,38,225,None,None,None,None,None,None,None,None
2021-03-13T00:00:00.000Z,None,3775299,1289604,4226837,None,39,129,615,None,53,108,448,None,None,None,None,None,None,None,None,None,1153609,107281,168334,None,12,11,25,None,42,69,226,None,None,None,None,None,None,None,None,None,2621430,1182269,4058817,None,27,118,582,None,11,39,222,None,None,None,None,None,None,None,None
2021-03-14T00:00:00.000Z,None,3854935,1230793,4206012,None,71,215,1103,None,51,113,462,None,None,None,None,None,None,None,None,None,1160063,102882,166279,None,22,27,49,None,42,70,224,None,None,None,None,None,None,None,None,None,2694612,1127857,4040047,None,49,188,1047,None,9,43,238,None,None,None,None,None,None,None,None
2021-03-15T00:00:00.000Z,None,3933301,1172353,4186086,None,96,317,1710,None,55,109,427,None,None,None,None,None,None,None,None,None,1166579,98240,164405,None,27,33,65,None,44,66,212,None,None,None,None,None,None,None,None,None,2766462,1074059,4021995,None,69,284,1625,None,11,43,215,None,None,None,None,None,None,None,None
2021-03-16T00:00:00.000Z,None,4014783,1109409,4167548,None,71,222,1271,None,50,104,431,None,None,None,None,None,None,None,None,None,1172976,93716,162532,None,17,17,59,None,41,59,209,None,None,None,None,None,None,None,None,None,2841547,1015639,4005330,None,53,205,1201,None,9,45,222,None,None,None,None,None,None,None,None
2021-03-17T00:00:00.000Z,None,4077918,1063772,4150050,None,97,218,1215,None,51,96,409,None,None,None,None,None,None,None,None,None,1177149,91220,160855,None,23,29,49,None,44,59,198,None,None,None,None,None,None,None,None,None,2900509,972498,3989509,None,73,189,1158,None,7,37,211,None,None,None,None,None,None,None,None
2021-03-18T00:00:00.000Z,None,4151098,1006427,4134215,None,67,172,1009,None,52,95,416,None,None,None,None,None,None,None,None,None,1181570,88430,159224,None,22,15,45,None,44,61,204,None,None,None,None,None,None,None,None,None,2969268,917943,3975305,None,45,156,951,None,8,34,212,None,None,None,None,None,None,None,None
2021-03-19T00:00:00.000Z,None,4194349,969925,4127466,None,56,140,887,None,50,94,404,None,None,None,None,None,None,None,None,None,1183800,86827,158597,None,17,13,34,None,43,60,201,None,None,None,None,None,None,None,None,None,3010289,883044,3969183,None,39,127,847,None,7,34,203,None,None,None,None,None,None,None,None
2021-03-20T00:00:00.000Z,None,4220542,948855,4122343,None,24,48,277,None,49,90,394,None,None,None,None,None,None,None,None,None,1185306,85833,158085,None,10,7,32,None,40,58,202,None,None,None,None,None,None,None,None,None,3034976,862968,3964572,None,13,41,239,None,9,32,192,None,None,None,None,None,None,None,None
2021-03-21T00:00:00.000Z,None,4297861,884575,4109304,None,51,93,530,None,53,91,401,None,None,None,None,None,None,None,None,None,1191263,81256,156705,None,23,6,34,None,45,59,209,None,None,None,None,None,None,None,None,None,3106338,803265,3952913,None,28,87,483,None,8,32,192,None,None,None,None,None,None,None,None
2021-03-22T00:00:00.000Z,None,4379012,816775,4095953,None,59,113,807,None,46,83,377,None,None,None,None,None,None,None,None,None,1197927,76012,155285,None,23,11,43,None,40,54,195,None,None,None,None,None,None,None,None,None,3180825,740709,3940982,None,36,102,741,None,6,29,182,None,None,None,None,None,None,None,None
2021-03-23T00:00:00.000Z,None,4453426,744966,4093348,None,44,66,578,None,45,81,368,None,None,None,None,None,None,None,None,None,1203836,70503,154885,None,9,4,33,None,38,49,186,None,None,None,None,None,None,None,None,None,3249330,674409,3938777,None,35,62,533,None,7,32,182,None,None,None,None,None,None,None,None
2021-03-24T00:00:00.000Z,None,4514965,694220,4082555,None,47,49,382,None,40,75,361,None,None,None,None,None,None,None,None,None,1209087,66368,153769,None,6,6,23,None,34,46,187,None,None,None,None,None,None,None,None,None,3305618,627798,3929100,None,41,42,336,None,6,29,174,None,None,None,None,None,None,None,None
2021-03-25T00:00:00.000Z,None,4575237,643986,4072517,None,69,104,670,None,39,76,362,None,None,None,None,None,None,None,None,None,1213899,62629,152696,None,28,12,30,None,32,48,191,None,None,None,None,None,None,None,None,None,3361078,581303,3920135,None,41,91,625,None,7,28,171,None,None,None,None,None,None,None,None
2021-03-26T00:00:00.000Z,None,4604094,619137,4068509,None,27,44,449,None,40,71,341,None,None,None,None,None,None,None,None,None,1215993,61046,152185,None,9,4,28,None,34,43,184,None,None,None,None,None,None,None,None,None,3387841,558037,3916638,None,18,40,413,None,6,28,157,None,None,None,None,None,None,None,None
2021-03-27T00:00:00.000Z,None,4620031,604909,4066800,None,12,21,198,None,38,67,331,None,None,None,None,None,None,None,None,None,1217156,60172,151896,None,5,2,15,None,32,40,180,None,None,None,None,None,None,None,None,None,3402615,544683,3915218,None,7,19,177,None,6,27,151,None,None,None,None,None,None,None,None
2021-03-28T00:00:00.000Z,None,4662101,564877,4064762,None,13,14,102,None,41,69,334,None,None,None,None,None,None,None,None,None,1221010,56627,151587,None,3,2,7,None,33,40,178,None,None,None,None,None,None,None,None,None,3440831,508196,3913489,None,10,12,90,None,8,29,156,None,None,None,None,None,None,None,None
2021-03-29T00:00:00.000Z,None,4704143,529606,4057991,None,38,38,287,None,43,66,325,None,None,None,None,None,None,None,None,None,1224730,53850,150644,None,10,5,23,None,35,39,170,None,None,None,None,None,None,None,None,None,3479153,475702,3907661,None,28,33,257,None,8,27,155,None,None,None,None,None,None,None,None
2021-03-30T00:00:00.000Z,None,4711648,529762,4050330,None,32,41,370,None,42,65,288,None,None,None,None,None,None,None,None,None,1225436,54169,149619,None,10,5,27,None,35,37,142,None,None,None,None,None,None,None,None,None,3485952,475539,3901025,None,22,36,334,None,7,28,146,None,None,None,None,None,None,None,None
2021-03-31T00:00:00.000Z,None,4759480,489885,4042375,None,43,30,419,None,42,61,280,None,None,None,None,None,None,None,None,None,1229729,51016,148479,None,12,2,25,None,35,34,144,None,None,None,None,None,None,None,None,None,3529491,438815,3894210,None,31,28,387,None,7,27,136,None,None,None,None,None,None,None,None
2021-04-01T00:00:00.000Z,None,4796152,461159,4034429,None,29,18,288,None,39,57,274,None,None,None,None,None,None,None,None,None,1232599,49180,147445,None,9,3,22,None,33,31,143,None,None,None,None,None,None,None,None,None,3563292,411926,3887298,None,20,15,260,None,6,26,131,None,None,None,None,None,None,None,None
2021-04-02T00:00:00.000Z,None,4809866,450214,4031660,None,32,24,362,None,36,48,248,None,None,None,None,None,None,None,None,None,1235322,48557,145345,None,10,1,22,None,30,26,126,None,None,None,None,None,None,None,None,None,3574278,401609,3886629,None,22,23,339,None,6,22,122,None,None,None,None,None,None,None,None
2021-04-03T00:00:00.000Z,None,4814336,447083,4030321,None,10,14,100,None,38,48,250,None,None,None,None,None,None,None,None,None,1235748,48405,145071,None,1,3,8,None,31,27,123,None,None,None,None,None,None,None,None,None,3578322,398630,3885564,None,9,11,87,None,7,21,127,None,None,None,None,None,None,None,None
2021-04-04T00:00:00.000Z,None,4819240,451715,4020785,None,10,14,172,None,33,47,249,None,None,None,None,None,None,None,None,None,1236235,49087,143902,None,2,2,14,None,26,26,122,None,None,None,None,None,None,None,None,None,3582739,402580,3877197,None,8,12,154,None,7,21,127,None,None,None,None,None,None,None,None
2021-04-05T00:00:00.000Z,None,4850092,431038,4010610,None,35,18,327,None,33,45,229,None,None,None,None,None,None,None,None,None,1239188,47444,142592,None,11,2,14,None,27,24,113,None,None,None,None,None,None,None,None,None,3610638,383546,3868332,None,24,16,306,None,6,21,116,None,None,None,None,None,None,None,None
2021-04-06T00:00:00.000Z,None,4873475,416430,4001835,None,34,20,251,None,35,41,225,None,None,None,None,None,None,None,None,None,1241550,46333,141341,None,17,2,20,None,29,23,110,None,None,None,None,None,None,None,None,None,3631659,370049,3860808,None,17,18,224,None,6,18,115,None,None,None,None,None,None,None,None
2021-04-07T00:00:00.000Z,None,4894028,404553,3993159,None,29,16,231,None,33,37,219,None,None,None,None,None,None,None,None,None,1243664,45461,140099,None,5,3,13,None,27,22,106,None,None,None,None,None,None,None,None,None,3650098,359044,3853374,None,24,13,211,None,6,15,113,None,None,None,None,None,None,None,None
2021-04-08T00:00:00.000Z,None,4913841,393902,3983997,None,22,11,179,None,31,35,199,None,None,None,None,None,None,None,None,None,1245453,44870,138901,None,8,1,15,None,26,20,97,None,None,None,None,None,None,None,None,None,3668122,348984,3845410,None,14,9,153,None,5,15,102,None,None,None,None,None,None,None,None
2021-04-09T00:00:00.000Z,None,4922259,388857,3980624,None,25,9,189,None,25,35,195,None,None,None,None,None,None,None,None,None,1246146,44614,138464,None,9,1,21,None,20,22,95,None,None,None,None,None,None,None,None,None,3675847,344195,3842474,None,16,8,163,None,5,13,100,None,None,None,None,None,None,None,None
2021-04-10T00:00:00.000Z,None,4925378,387231,3979131,None,20,3,63,None,25,33,189,None,None,None,None,None,None,None,None,None,1246506,44545,138173,None,12,1,9,None,20,22,94,None,None,None,None,None,None,None,None,None,3678606,342638,3841272,None,8,2,51,None,5,11,95,None,None,None,None,None,None,None,None
2021-04-11T00:00:00.000Z,None,4949744,371763,3970233,None,20,8,111,None,26,30,188,None,None,None,None,None,None,None,None,None,1248668,43601,136955,None,3,3,15,None,20,21,92,None,None,None,None,None,None,None,None,None,3700810,328114,3833592,None,17,5,93,None,6,9,96,None,None,None,None,None,None,None,None
2021-04-12T00:00:00.000Z,None,4972644,357569,3961527,None,20,6,195,None,24,28,185,None,None,None,None,None,None,None,None,None,1250689,42857,135678,None,8,1,12,None,19,20,91,None,None,None,None,None,None,None,None,None,3721689,314664,3826163,None,12,5,166,None,5,8,94,None,None,None,None,None,None,None,None
2021-04-13T00:00:00.000Z,None,4990839,344982,3955919,None,22,6,170,None,24,24,172,None,None,None,None,None,None,None,None,None,1252472,42000,134752,None,3,0,8,None,19,15,84,None,None,None,None,None,None,None,None,None,3738101,302934,3821481,None,19,5,155,None,5,9,88,None,None,None,None,None,None,None,None
2021-04-14T00:00:00.000Z,None,5007469,331779,3952492,None,22,6,168,None,24,23,155,None,None,None,None,None,None,None,None,None,1254087,40991,134146,None,5,3,9,None,19,14,80,None,None,None,None,None,None,None,None,None,3753116,290740,3818660,None,17,3,153,None,5,9,75,None,None,None,None,None,None,None,None
2021-04-15T00:00:00.000Z,None,5026079,313620,3952041,None,19,2,74,None,22,19,145,None,None,None,None,None,None,None,None,None,1255816,39525,133883,None,15,1,10,None,17,11,74,None,None,None,None,None,None,None,None,None,3769997,274047,3818472,None,4,1,61,None,5,8,71,None,None,None,None,None,None,None,None
2021-04-16T00:00:00.000Z,None,5032791,310101,3948848,None,17,5,87,None,23,16,142,None,None,None,None,None,None,None,None,None,1256403,39384,133437,None,5,1,5,None,18,9,71,None,None,None,None,None,None,None,None,None,3776122,270669,3815725,None,12,4,78,None,5,7,71,None,None,None,None,None,None,None,None
2021-04-17T00:00:00.000Z,None,5036530,307105,3948105,None,17,0,66,None,22,17,139,None,None,None,None,None,None,None,None,None,1256794,39226,133204,None,10,0,6,None,17,10,68,None,None,None,None,None,None,None,None,None,3779470,267831,3815215,None,7,0,50,None,5,7,71,None,None,None,None,None,None,None,None
2021-04-18T00:00:00.000Z,None,5052534,298065,3941141,None,21,4,116,None,22,17,142,None,None,None,None,None,None,None,None,None,1258416,38502,132306,None,8,0,9,None,17,10,72,None,None,None,None,None,None,None,None,None,3793852,259515,3809149,None,13,4,96,None,5,7,70,None,None,None,None,None,None,None,None
2021-04-19T00:00:00.000Z,None,5067339,289467,3934934,None,29,1,103,None,19,19,135,None,None,None,None,None,None,None,None,None,1259971,37779,131474,None,11,0,4,None,15,12,69,None,None,None,None,None,None,None,None,None,3807102,251640,3803774,None,18,1,90,None,4,7,66,None,None,None,None,None,None,None,None
2021-04-20T00:00:00.000Z,None,5073144,289712,3928884,None,18,8,135,None,20,17,123,None,None,None,None,None,None,None,None,None,1260762,37782,130680,None,5,0,8,None,16,11,60,None,None,None,None,None,None,None,None,None,3812116,251882,3798518,None,13,8,115,None,4,6,63,None,None,None,None,None,None,None,None
2021-04-21T00:00:00.000Z,None,5078936,290072,3922732,None,27,6,81,None,21,16,118,None,None,None,None,None,None,None,None,None,1261588,37852,129784,None,6,2,6,None,17,9,58,None,None,None,None,None,None,None,None,None,3817081,252173,3793262,None,21,4,69,None,4,7,60,None,None,None,None,None,None,None,None
2021-04-22T00:00:00.000Z,None,5079389,295363,3916988,None,14,8,107,None,18,17,112,None,None,None,None,None,None,None,None,None,1261783,38436,129005,None,4,1,6,None,14,10,54,None,None,None,None,None,None,None,None,None,3817339,256880,3788297,None,10,6,95,None,4,7,58,None,None,None,None,None,None,None,None
2021-04-23T00:00:00.000Z,None,5086615,290726,3914399,None,13,5,90,None,20,14,111,None,None,None,None,None,None,None,None,None,1262555,38053,128616,None,3,0,4,None,16,8,51,None,None,None,None,None,None,None,None,None,3823793,252626,3786097,None,10,5,80,None,4,6,60,None,None,None,None,None,None,None,None
2021-04-24T00:00:00.000Z,None,5088672,289350,3913718,None,5,0,34,None,16,15,107,None,None,None,None,None,None,None,None,None,1262818,37998,128408,None,1,0,5,None,12,9,52,None,None,None,None,None,None,None,None,None,3825587,251305,3785624,None,4,0,23,None,4,6,55,None,None,None,None,None,None,None,None
2021-04-25T00:00:00.000Z,None,5097468,285269,3909003,None,6,2,69,None,18,12,107,None,None,None,None,None,None,None,None,None,1263841,37651,127732,None,1,0,2,None,14,8,53,None,None,None,None,None,None,None,None,None,3833360,247571,3781585,None,5,2,61,None,4,4,54,None,None,None,None,None,None,None,None
2021-04-26T00:00:00.000Z,None,5105927,282140,3903673,None,11,1,81,None,15,10,112,None,None,None,None,None,None,None,None,None,1265005,37174,127045,None,4,0,3,None,11,7,54,None,None,None,None,None,None,None,None,None,3840655,244919,3776942,None,7,1,69,None,4,3,58,None,None,None,None,None,None,None,None
2021-04-27T00:00:00.000Z,None,5113948,278468,3899324,None,13,3,70,None,16,7,107,None,None,None,None,None,None,None,None,None,1266133,36715,126376,None,8,0,3,None,12,5,50,None,None,None,None,None,None,None,None,None,3847548,241706,3773262,None,5,3,60,None,4,2,57,None,None,None,None,None,None,None,None
2021-04-28T00:00:00.000Z,None,5122207,274522,3895011,None,14,2,79,None,16,7,98,None,None,None,None,None,None,None,None,None,1267222,36207,125795,None,1,0,3,None,11,4,41,None,None,None,None,None,None,None,None,None,3854718,238268,3769530,None,13,2,66,None,5,3,57,None,None,None,None,None,None,None,None
2021-04-29T00:00:00.000Z,None,5131005,269915,3890820,None,9,2,82,None,11,7,89,None,None,None,None,None,None,None,None,None,1268363,35698,125163,None,2,0,6,None,9,4,37,None,None,None,None,None,None,None,None,None,3862375,234170,3765971,None,7,2,71,None,2,3,52,None,None,None,None,None,None,None,None
2021-04-30T00:00:00.000Z,None,5134885,267770,3889085,None,17,2,60,None,12,8,83,None,None,None,None,None,None,None,None,None,1268793,35603,124828,None,4,1,3,None,9,5,32,None,None,None,None,None,None,None,None,None,3865825,232120,3764571,None,13,1,55,None,3,3,51,None,None,None,None,None,None,None,None
2021-05-01T00:00:00.000Z,None,5136273,266765,3888702,None,4,0,10,None,11,7,85,None,None,None,None,None,None,None,None,None,1269003,35563,124658,None,0,0,2,None,8,4,33,None,None,None,None,None,None,None,None,None,3867003,231155,3764358,None,4,0,7,None,3,3,52,None,None,None,None,None,None,None,None
2021-05-02T00:00:00.000Z,None,5144202,261991,3885547,None,3,1,46,None,10,6,82,None,None,None,None,None,None,None,None,None,1269997,35069,124158,None,0,0,4,None,7,4,34,None,None,None,None,None,None,None,None,None,3873938,226875,3761703,None,3,1,33,None,3,2,48,None,None,None,None,None,None,None,None
2021-05-03T00:00:00.000Z,None,5153334,256259,3882147,None,14,0,51,None,8,6,79,None,None,None,None,None,None,None,None,None,1271018,34537,123669,None,2,0,2,None,5,4,33,None,None,None,None,None,None,None,None,None,3882049,221675,3758792,None,11,0,46,None,3,2,46,None,None,None,None,None,None,None,None
2021-05-04T00:00:00.000Z,None,5160736,252240,3878764,None,7,4,52,None,6,6,75,None,None,None,None,None,None,None,None,None,1272119,34006,123099,None,1,1,2,None,3,4,31,None,None,None,None,None,None,None,None,None,3888350,218187,3755979,None,6,3,42,None,3,2,44,None,None,None,None,None,None,None,None
2021-05-05T00:00:00.000Z,None,5168901,247189,3875650,None,5,1,62,None,6,6,75,None,None,None,None,None,None,None,None,None,1273211,33400,122613,None,1,0,5,None,3,4,32,None,None,None,None,None,None,None,None,None,3895423,213742,3753351,None,4,1,55,None,3,2,43,None,None,None,None,None,None,None,None
2021-05-06T00:00:00.000Z,None,5177064,242466,3872210,None,15,0,33,None,4,6,70,None,None,None,None,None,None,None,None,None,1274337,32754,122133,None,4,0,1,None,2,4,29,None,None,None,None,None,None,None,None,None,3902460,209665,3750391,None,11,0,31,None,2,2,41,None,None,None,None,None,None,None,None
2021-05-07T00:00:00.000Z,None,5180601,240593,3870546,None,2,1,30,None,4,6,68,None,None,None,None,None,None,None,None,None,1274817,32602,121805,None,0,1,3,None,2,4,27,None,None,None,None,None,None,None,None,None,3905517,207944,3749055,None,2,0,26,None,2,2,41,None,None,None,None,None,None,None,None
2021-05-08T00:00:00.000Z,None,5181521,239848,3870371,None,5,1,10,None,5,7,66,None,None,None,None,None,None,None,None,None,1275049,32561,121614,None,0,0,0,None,3,5,27,None,None,None,None,None,None,None,None,None,3906205,207240,3749071,None,5,1,10,None,2,2,39,None,None,None,None,None,None,None,None
2021-05-09T00:00:00.000Z,None,5188289,235846,3867605,None,5,1,27,None,6,6,62,None,None,None,None,None,None,None,None,None,1275899,32138,121187,None,0,0,0,None,3,4,24,None,None,None,None,None,None,None,None,None,3912123,203661,3746732,None,5,1,26,None,3,2,38,None,None,None,None,None,None,None,None
2021-05-10T00:00:00.000Z,None,5194817,232081,3864842,None,12,0,39,None,5,6,59,None,None,None,None,None,None,None,None,None,1276811,31692,120721,None,2,0,0,None,3,4,25,None,None,None,None,None,None,None,None,None,3917739,200342,3744435,None,10,0,35,None,2,2,34,None,None,None,None,None,None,None,None
2021-05-11T00:00:00.000Z,None,5200220,229102,3862418,None,9,0,25,None,4,7,59,None,None,None,None,None,None,None,None,None,1277667,31263,120294,None,3,0,0,None,2,5,25,None,None,None,None,None,None,None,None,None,3922286,197792,3742438,None,6,0,22,None,2,2,34,None,None,None,None,None,None,None,None
2021-05-12T00:00:00.000Z,None,5204922,226219,3860599,None,5,2,20,None,4,5,55,None,None,None,None,None,None,None,None,None,1278324,30970,119930,None,3,0,1,None,2,3,24,None,None,None,None,None,None,None,None,None,3926331,195202,3740983,None,2,2,18,None,2,2,31,None,None,None,None,None,None,None,None
2021-05-13T00:00:00.000Z,None,5208815,224144,3858781,None,4,1,25,None,1,4,52,None,None,None,None,None,None,None,None,None,1278822,30800,119602,None,1,0,1,None,0,2,24,None,None,None,None,None,None,None,None,None,3929726,193297,3739493,None,3,1,24,None,1,2,28,None,None,None,None,None,None,None,None
2021-05-14T00:00:00.000Z,None,5211621,222113,3858006,None,1,1,25,None,1,5,53,None,None,None,None,None,None,None,None,None,1279218,30647,119359,None,0,1,3,None,0,3,26,None,None,None,None,None,None,None,None,None,3932136,191419,3738961,None,1,0,22,None,1,2,27,None,None,None,None,None,None,None,None
2021-05-15T00:00:00.000Z,None,5212093,221778,3857869,None,3,0,17,None,1,7,50,None,None,None,None,None,None,None,None,None,1279423,30633,119168,None,2,0,2,None,0,5,23,None,None,None,None,None,None,None,None,None,3932403,191098,3739015,None,1,0,15,None,1,2,27,None,None,None,None,None,None,None,None
2021-05-16T00:00:00.000Z,None,5217513,216787,3857440,None,13,0,16,None,2,6,53,None,None,None,None,None,None,None,None,None,1280234,30063,118927,None,8,0,1,None,1,4,25,None,None,None,None,None,None,None,None,None,3937012,186677,3738827,None,5,0,14,None,1,2,28,None,None,None,None,None,None,None,None
2021-05-17T00:00:00.000Z,None,5222878,211610,3857252,None,5,0,10,None,1,7,49,None,None,None,None,None,None,None,None,None,1281038,29465,118721,None,2,0,1,None,0,5,22,None,None,None,None,None,None,None,None,None,3941573,182098,3738845,None,3,0,7,None,1,2,27,None,None,None,None,None,None,None,None
2021-05-18T00:00:00.000Z,None,5227160,209145,3855435,None,6,0,16,None,2,5,46,None,None,None,None,None,None,None,None,None,1281632,29252,118340,None,1,0,1,None,1,3,21,None,None,None,None,None,None,None,None,None,3945261,179846,3737409,None,5,0,12,None,1,2,25,None,None,None,None,None,None,None,None
2021-05-19T00:00:00.000Z,None,5230843,207499,3853398,None,16,1,38,None,2,5,45,None,None,None,None,None,None,None,None,None,1282227,29084,117913,None,11,0,3,None,1,3,21,None,None,None,None,None,None,None,None,None,3948349,178368,3735799,None,5,1,17,None,1,2,24,None,None,None,None,None,None,None,None
2021-05-20T00:00:00.000Z,None,5234869,205574,3851297,None,5,3,25,None,4,5,47,None,None,None,None,None,None,None,None,None,1282798,28865,117561,None,0,0,1,None,3,3,22,None,None,None,None,None,None,None,None,None,3951804,176662,3734050,None,5,3,16,None,1,2,25,None,None,None,None,None,None,None,None
2021-05-21T00:00:00.000Z,None,5236450,205009,3850281,None,7,0,15,None,3,5,43,None,None,None,None,None,None,None,None,None,1283137,28789,117298,None,1,0,2,None,2,3,22,None,None,None,None,None,None,None,None,None,3953046,176173,3733297,None,6,0,9,None,1,2,21,None,None,None,None,None,None,None,None
2021-05-22T00:00:00.000Z,None,5236633,204966,3850141,None,1,0,11,None,3,5,43,None,None,None,None,None,None,None,None,None,1283298,28788,117138,None,0,0,2,None,2,3,22,None,None,None,None,None,None,None,None,None,3953068,176131,3733317,None,1,0,7,None,1,2,21,None,None,None,None,None,None,None,None
2021-05-23T00:00:00.000Z,None,5237924,205875,3847941,None,6,0,20,None,4,5,43,None,None,None,None,None,None,None,None,None,1283575,28847,116802,None,2,0,2,None,3,3,22,None,None,None,None,None,None,None,None,None,3954082,176981,3731453,None,4,0,18,None,1,2,21,None,None,None,None,None,None,None,None
2021-05-24T00:00:00.000Z,None,5238765,207012,3845963,None,7,0,21,None,4,5,42,None,None,None,None,None,None,None,None,None,1283850,28945,116429,None,1,0,3,None,3,3,22,None,None,None,None,None,None,None,None,None,3954648,178020,3729848,None,6,0,16,None,1,2,20,None,None,None,None,None,None,None,None
2021-05-25T00:00:00.000Z,None,5244110,203321,3844309,None,7,0,15,None,3,3,41,None,None,None,None,None,None,None,None,None,1284662,28496,116066,None,1,0,1,None,2,1,22,None,None,None,None,None,None,None,None,None,3959181,174778,3728557,None,6,0,10,None,1,2,19,None,None,None,None,None,None,None,None
2021-05-26T00:00:00.000Z,None,5249680,198988,3843072,None,3,0,11,None,3,3,38,None,None,None,None,None,None,None,None,None,1285433,28046,115745,None,1,0,0,None,2,1,22,None,None,None,None,None,None,None,None,None,3963979,170896,3727641,None,2,0,11,None,1,2,16,None,None,None,None,None,None,None,None
2021-05-27T00:00:00.000Z,None,5254113,196198,3841429,None,2,0,12,None,3,3,36,None,None,None,None,None,None,None,None,None,1286061,27714,115449,None,0,0,1,None,2,1,22,None,None,None,None,None,None,None,None,None,3967784,168438,3726294,None,2,0,11,None,1,2,14,None,None,None,None,None,None,None,None
2021-05-28T00:00:00.000Z,None,5255618,195321,3840801,None,7,0,11,None,2,3,35,None,None,None,None,None,None,None,None,None,1286357,27633,115234,None,3,0,1,None,1,1,20,None,None,None,None,None,None,None,None,None,3968993,167642,3725881,None,4,0,10,None,1,2,15,None,None,None,None,None,None,None,None
2021-05-29T00:00:00.000Z,None,5256001,195043,3840696,None,3,0,9,None,2,3,35,None,None,None,None,None,None,None,None,None,1286551,27636,115037,None,2,0,0,None,1,1,20,None,None,None,None,None,None,None,None,None,3969182,167361,3725973,None,1,0,9,None,1,2,15,None,None,None,None,None,None,None,None
2021-05-30T00:00:00.000Z,None,5259867,192724,3839149,None,0,0,3,None,2,3,35,None,None,None,None,None,None,None,None,None,1287085,27447,114692,None,0,0,1,None,1,1,19,None,None,None,None,None,None,None,None,None,3972514,165231,3724771,None,0,0,1,None,1,2,16,None,None,None,None,None,None,None,None
2021-05-31T00:00:00.000Z,None,5263984,190181,3837575,None,4,0,10,None,3,3,34,None,None,None,None,None,None,None,None,None,1287657,27182,114385,None,2,0,0,None,2,1,19,None,None,None,None,None,None,None,None,None,3976059,162953,3723504,None,2,0,9,None,1,2,15,None,None,None,None,None,None,None,None
2021-06-01T00:00:00.000Z,None,5267014,188347,3836379,None,6,0,29,None,3,3,34,None,None,None,None,None,None,None,None,None,1288250,26888,114086,None,1,0,1,None,2,1,19,None,None,None,None,None,None,None,None,None,3978496,161413,3722607,None,5,0,23,None,1,2,15,None,None,None,None,None,None,None,None
2021-06-02T00:00:00.000Z,None,5269817,186862,3835061,None,3,0,10,None,4,2,29,None,None,None,None,None,None,None,None,None,1288750,26695,113779,None,2,0,1,None,3,1,18,None,None,None,None,None,None,None,None,None,3980799,160121,3721596,None,1,0,9,None,1,1,11,None,None,None,None,None,None,None,None
2021-06-03T00:00:00.000Z,None,5273407,184794,3833539,None,4,0,6,None,4,2,29,None,None,None,None,None,None,None,None,None,1289287,26467,113470,None,0,0,1,None,3,1,17,None,None,None,None,None,None,None,None,None,3983852,158281,3720383,None,4,0,4,None,1,1,12,None,None,None,None,None,None,None,None
2021-06-04T00:00:00.000Z,None,5274920,184211,3832609,None,9,0,22,None,4,2,28,None,None,None,None,None,None,None,None,None,1289591,26347,113286,None,3,0,1,None,3,1,17,None,None,None,None,None,None,None,None,None,3985061,157818,3719637,None,6,0,21,None,1,1,11,None,None,None,None,None,None,None,None
2021-06-05T00:00:00.000Z,None,5275122,184114,3832504,None,3,0,2,None,3,2,28,None,None,None,None,None,None,None,None,None,1289770,26343,113111,None,2,0,0,None,2,1,17,None,None,None,None,None,None,None,None,None,3985084,157725,3719707,None,1,0,1,None,1,1,11,None,None,None,None,None,None,None,None
2021-06-06T00:00:00.000Z,None,5277449,185974,3828317,None,1,0,3,None,3,2,30,None,None,None,None,None,None,None,None,None,1290209,26209,112806,None,0,0,1,None,2,1,19,None,None,None,None,None,None,None,None,None,3986972,159719,3715825,None,1,0,1,None,1,1,11,None,None,None,None,None,None,None,None
2021-06-07T00:00:00.000Z,None,5279923,187740,3824077,None,4,0,2,None,2,2,27,None,None,None,None,None,None,None,None,None,1290630,26112,112482,None,1,0,0,None,1,1,18,None,None,None,None,None,None,None,None,None,3989025,161582,3711909,None,3,0,2,None,1,1,9,None,None,None,None,None,None,None,None
2021-06-08T00:00:00.000Z,None,5282054,189189,3820497,None,10,0,20,None,2,2,26,None,None,None,None,None,None,None,None,None,1291083,25965,112176,None,2,0,0,None,2,1,17,None,None,None,None,None,None,None,None,None,3990703,163178,3708635,None,8,0,17,None,0,1,9,None,None,None,None,None,None,None,None
2021-06-09T00:00:00.000Z,None,5284007,190699,3817034,None,3,1,2,None,2,2,26,None,None,None,None,None,None,None,None,None,1291464,25904,111856,None,2,0,0,None,2,1,17,None,None,None,None,None,None,None,None,None,3992275,164749,3705492,None,1,1,1,None,0,1,9,None,None,None,None,None,None,None,None
2021-06-10T00:00:00.000Z,None,5285798,192101,3813841,None,8,0,10,None,2,2,26,None,None,None,None,None,None,None,None,None,1291820,25815,111589,None,3,0,0,None,2,1,16,None,None,None,None,None,None,None,None,None,3993710,166240,3702566,None,5,0,8,None,0,1,10,None,None,None,None,None,None,None,None
2021-06-11T00:00:00.000Z,None,5286513,192636,3812591,None,8,2,8,None,2,2,26,None,None,None,None,None,None,None,None,None,1292070,25778,111376,None,1,0,0,None,2,1,16,None,None,None,None,None,None,None,None,None,3994175,166812,3701529,None,7,2,6,None,0,1,10,None,None,None,None,None,None,None,None
2021-06-12T00:00:00.000Z,None,5286605,192683,3812452,None,2,0,3,None,2,2,24,None,None,None,None,None,None,None,None,None,1292267,25784,111173,None,0,0,1,None,2,1,16,None,None,None,None,None,None,None,None,None,3994070,166853,3701593,None,2,0,1,None,0,1,8,None,None,None,None,None,None,None,None
2021-06-13T00:00:00.000Z,None,5287905,194429,3809406,None,1,0,2,None,2,1,23,None,None,None,None,None,None,None,None,None,1292571,25754,110899,None,0,0,0,None,2,0,15,None,None,None,None,None,None,None,None,None,3995066,168629,3698821,None,1,0,2,None,0,1,8,None,None,None,None,None,None,None,None
2021-06-14T00:00:00.000Z,None,5289017,196217,3806506,None,10,1,15,None,3,1,23,None,None,None,None,None,None,None,None,None,1292875,25724,110625,None,2,0,0,None,3,0,15,None,None,None,None,None,None,None,None,None,3995874,170447,3696195,None,8,1,15,None,0,1,8,None,None,None,None,None,None,None,None
2021-06-15T00:00:00.000Z,None,5290438,197775,3803527,None,8,2,16,None,3,1,20,None,None,None,None,None,None,None,None,None,1293182,25704,110338,None,1,0,0,None,3,0,12,None,None,None,None,None,None,None,None,None,3996988,172025,3693503,None,7,2,15,None,0,1,8,None,None,None,None,None,None,None,None
2021-06-16T00:00:00.000Z,None,5292079,198716,3800945,None,5,0,8,None,3,1,17,None,None,None,None,None,None,None,None,None,1293551,25609,110064,None,0,0,4,None,3,0,11,None,None,None,None,None,None,None,None,None,3998260,173061,3691195,None,5,0,2,None,0,1,6,None,None,None,None,None,None,None,None
2021-06-17T00:00:00.000Z,None,5293681,199674,3798385,None,9,0,17,None,2,1,17,None,None,None,None,None,None,None,None,None,1293855,25571,109798,None,1,0,0,None,2,0,11,None,None,None,None,None,None,None,None,None,3999558,174057,3688901,None,8,0,17,None,0,1,6,None,None,None,None,None,None,None,None
2021-06-18T00:00:00.000Z,None,5294235,200243,3797262,None,12,1,22,None,2,1,16,None,None,None,None,None,None,None,None,None,1294056,25592,109576,None,1,0,0,None,2,0,10,None,None,None,None,None,None,None,None,None,3999911,174605,3688000,None,11,1,20,None,0,1,6,None,None,None,None,None,None,None,None
2021-06-19T00:00:00.000Z,None,5294367,200253,3797120,None,6,1,39,None,2,1,16,None,None,None,None,None,None,None,None,None,1294244,25595,109385,None,1,0,0,None,2,0,10,None,None,None,None,None,None,None,None,None,3999855,174612,3688049,None,5,1,39,None,0,1,6,None,None,None,None,None,None,None,None
2021-06-20T00:00:00.000Z,None,5295996,201861,3793883,None,20,4,25,None,3,1,17,None,None,None,None,None,None,None,None,None,1294559,25572,109093,None,5,0,0,None,3,0,10,None,None,None,None,None,None,None,None,None,4001169,176243,3685104,None,15,4,24,None,0,1,7,None,None,None,None,None,None,None,None
2021-06-21T00:00:00.000Z,None,5297912,205006,3788822,None,41,7,77,None,3,1,17,None,None,None,None,None,None,None,None,None,1294904,25528,108792,None,10,0,2,None,3,0,10,None,None,None,None,None,None,None,None,None,4002740,179432,3680344,None,31,7,74,None,0,1,7,None,None,None,None,None,None,None,None
2021-06-22T00:00:00.000Z,None,5299585,210092,3782063,None,40,7,63,None,3,1,20,None,None,None,None,None,None,None,None,None,1295279,25511,108434,None,10,0,0,None,3,0,12,None,None,None,None,None,None,None,None,None,4004038,184535,3673943,None,30,7,62,None,0,1,8,None,None,None,None,None,None,None,None
2021-06-23T00:00:00.000Z,None,5300878,219360,3771502,None,48,4,88,None,3,1,19,None,None,None,None,None,None,None,None,None,1295616,25542,108066,None,9,0,1,None,3,0,12,None,None,None,None,None,None,None,None,None,4004994,193772,3663750,None,39,4,86,None,0,1,7,None,None,None,None,None,None,None,None
2021-06-24T00:00:00.000Z,None,5302426,229672,3759642,None,102,7,120,None,3,1,18,None,None,None,None,None,None,None,None,None,1295942,25612,107670,None,34,0,2,None,3,0,11,None,None,None,None,None,None,None,None,None,4006216,204014,3652286,None,68,7,118,None,0,1,7,None,None,None,None,None,None,None,None
2021-06-25T00:00:00.000Z,None,5302980,236047,3752713,None,96,4,130,None,4,1,17,None,None,None,None,None,None,None,None,None,1296164,25642,107418,None,29,0,3,None,4,0,10,None,None,None,None,None,None,None,None,None,4006548,210359,3645609,None,67,4,127,None,0,1,7,None,None,None,None,None,None,None,None
2021-06-26T00:00:00.000Z,None,5303095,238123,3750522,None,44,5,67,None,5,1,17,None,None,None,None,None,None,None,None,None,1296359,25652,107213,None,16,0,1,None,5,0,10,None,None,None,None,None,None,None,None,None,4006468,212425,3643623,None,28,5,66,None,0,1,7,None,None,None,None,None,None,None,None
2021-06-27T00:00:00.000Z,None,5304891,249867,3736982,None,68,2,75,None,5,2,15,None,None,None,None,None,None,None,None,None,1296725,25729,106770,None,24,0,1,None,5,0,9,None,None,None,None,None,None,None,None,None,4007898,224092,3630526,None,44,2,73,None,0,2,6,None,None,None,None,None,None,None,None
2021-06-28T00:00:00.000Z,None,5306700,262415,3722625,None,124,12,152,None,4,1,15,None,None,None,None,None,None,None,None,None,1297090,25805,106329,None,39,0,5,None,4,0,9,None,None,None,None,None,None,None,None,None,4009342,236564,3616610,None,85,12,147,None,0,1,6,None,None,None,None,None,None,None,None
2021-06-29T00:00:00.000Z,None,5308517,277135,3706088,None,114,10,170,None,4,1,15,None,None,None,None,None,None,None,None,None,1297466,25953,105805,None,29,0,2,None,4,0,9,None,None,None,None,None,None,None,None,None,4010783,251136,3600597,None,85,10,165,None,0,1,6,None,None,None,None,None,None,None,None
2021-06-30T00:00:00.000Z,None,5310807,291137,3689796,None,130,16,164,None,7,0,15,None,None,None,None,None,None,None,None,None,1297877,26103,105244,None,42,0,2,None,7,0,10,None,None,None,None,None,None,None,None,None,4012662,264988,3584866,None,88,16,158,None,0,0,5,None,None,None,None,None,None,None,None
2021-07-01T00:00:00.000Z,None,5313596,304999,3673145,None,146,11,140,None,7,1,15,None,None,None,None,None,None,None,None,None,1298292,26219,104713,None,41,0,6,None,7,0,10,None,None,None,None,None,None,None,None,None,4015036,278734,3568746,None,105,11,133,None,0,1,5,None,None,None,None,None,None,None,None
2021-07-02T00:00:00.000Z,None,5315124,313153,3663463,None,147,11,171,None,8,0,17,None,None,None,None,None,None,None,None,None,1298568,26316,104340,None,37,0,6,None,8,0,11,None,None,None,None,None,None,None,None,None,4016288,286791,3559437,None,110,11,165,None,0,0,6,None,None,None,None,None,None,None,None
2021-07-03T00:00:00.000Z,None,5315419,315456,3660865,None,79,2,105,None,9,0,18,None,None,None,None,None,None,None,None,None,1298778,26349,104097,None,21,0,1,None,9,0,11,None,None,None,None,None,None,None,None,None,4016373,289061,3557082,None,57,2,104,None,0,0,7,None,None,None,None,None,None,None,None
2021-07-04T00:00:00.000Z,None,5320570,327957,3643213,None,176,6,164,None,11,0,17,None,None,None,None,None,None,None,None,None,1299229,26485,103510,None,50,0,2,None,11,0,9,None,None,None,None,None,None,None,None,None,4021073,301426,3540017,None,126,6,161,None,0,0,8,None,None,None,None,None,None,None,None
2021-07-05T00:00:00.000Z,None,5326242,339994,3625504,None,213,20,271,None,11,0,20,None,None,None,None,None,None,None,None,None,1299680,26599,102945,None,54,0,4,None,11,0,10,None,None,None,None,None,None,None,None,None,4026294,313349,3522873,None,159,20,262,None,0,0,10,None,None,None,None,None,None,None,None
2021-07-06T00:00:00.000Z,None,5332439,351532,3607769,None,230,28,269,None,13,0,22,None,None,None,None,None,None,None,None,None,1300192,26726,102306,None,61,1,14,None,12,0,10,None,None,None,None,None,None,None,None,None,4031979,324760,3505777,None,169,27,254,None,1,0,12,None,None,None,None,None,None,None,None
2021-07-07T00:00:00.000Z,None,5338330,361005,3592405,None,261,25,238,None,17,0,23,None,None,None,None,None,None,None,None,None,1300675,26836,101713,None,75,0,4,None,16,0,10,None,None,None,None,None,None,None,None,None,4037387,334123,3491006,None,186,25,231,None,1,0,13,None,None,None,None,None,None,None,None
2021-07-08T00:00:00.000Z,None,5344316,371456,3575968,None,268,14,184,None,18,0,23,None,None,None,None,None,None,None,None,None,1301184,26959,101081,None,63,3,3,None,18,0,11,None,None,None,None,None,None,None,None,None,4042864,344451,3475201,None,205,11,180,None,0,0,12,None,None,None,None,None,None,None,None
2021-07-09T00:00:00.000Z,None,5347358,379437,3564945,None,271,21,242,None,19,0,20,None,None,None,None,None,None,None,None,None,1301506,27038,100680,None,80,2,3,None,17,0,9,None,None,None,None,None,None,None,None,None,4045584,352353,3464579,None,191,19,238,None,2,0,11,None,None,None,None,None,None,None,None
2021-07-10T00:00:00.000Z,None,5348011,383682,3560047,None,125,12,124,None,19,0,20,None,None,None,None,None,None,None,None,None,1301733,27090,100401,None,21,0,0,None,17,0,11,None,None,None,None,None,None,None,None,None,4046010,356546,3459960,None,104,12,124,None,2,0,9,None,None,None,None,None,None,None,None
2021-07-11T00:00:00.000Z,None,5354147,378932,3558661,None,267,18,158,None,27,0,20,None,None,None,None,None,None,None,None,None,1302316,26798,100110,None,66,0,2,None,25,0,12,None,None,None,None,None,None,None,None,None,4051563,352088,3458865,None,201,18,156,None,2,0,8,None,None,None,None,None,None,None,None
2021-07-12T00:00:00.000Z,None,5360459,374944,3556337,None,414,23,325,None,26,0,19,None,None,None,None,None,None,None,None,None,1302798,26574,99852,None,97,0,8,None,25,0,10,None,None,None,None,None,None,None,None,None,4057393,348324,3456799,None,317,23,314,None,1,0,9,None,None,None,None,None,None,None,None
2021-07-13T00:00:00.000Z,None,5367287,370966,3553487,None,402,25,319,None,25,0,20,None,None,None,None,None,None,None,None,None,1303362,26299,99563,None,92,0,12,None,24,0,10,None,None,None,None,None,None,None,None,None,4063657,344621,3454238,None,310,25,305,None,1,0,10,None,None,None,None,None,None,None,None
2021-07-14T00:00:00.000Z,None,5373046,367819,3550875,None,403,28,340,None,32,0,19,None,None,None,None,None,None,None,None,None,1303887,26107,99230,None,87,0,10,None,31,0,10,None,None,None,None,None,None,None,None,None,4068891,341666,3451959,None,315,28,329,None,1,0,9,None,None,None,None,None,None,None,None
2021-07-15T00:00:00.000Z,None,5379054,364667,3548019,None,438,38,387,None,31,1,22,None,None,None,None,None,None,None,None,None,1304409,25920,98895,None,99,0,4,None,30,1,9,None,None,None,None,None,None,None,None,None,4074377,338701,3449438,None,339,38,382,None,1,0,13,None,None,None,None,None,None,None,None
2021-07-16T00:00:00.000Z,None,5382555,362321,3546864,None,564,41,525,None,29,1,19,None,None,None,None,None,None,None,None,None,1304795,25786,98643,None,131,1,12,None,29,1,9,None,None,None,None,None,None,None,None,None,4077492,336489,3448535,None,433,40,508,None,0,0,10,None,None,None,None,None,None,None,None
2021-07-17T00:00:00.000Z,None,5383658,361517,3546565,None,231,24,177,None,35,1,22,None,None,None,None,None,None,None,None,None,1305029,25756,98439,None,65,0,2,None,35,1,10,None,None,None,None,None,None,None,None,None,4078361,335715,3448440,None,165,24,175,None,0,0,12,None,None,None,None,None,None,None,None
2021-07-18T00:00:00.000Z,None,5387691,359491,3544558,None,453,28,356,None,41,1,24,None,None,None,None,None,None,None,None,None,1305397,25671,98156,None,101,0,10,None,40,1,10,None,None,None,None,None,None,None,None,None,4082026,333774,3446716,None,352,28,341,None,1,0,14,None,None,None,None,None,None,None,None
2021-07-19T00:00:00.000Z,None,5392499,357786,3541455,None,692,48,645,None,43,1,17,None,None,None,None,None,None,None,None,None,1305744,25655,97825,None,131,2,8,None,41,1,10,None,None,None,None,None,None,None,None,None,4086487,332085,3443944,None,561,46,629,None,2,0,7,None,None,None,None,None,None,None,None
2021-07-20T00:00:00.000Z,None,5399062,353768,3538910,None,767,37,606,None,38,2,22,None,None,None,None,None,None,None,None,None,1306078,25641,97505,None,186,0,14,None,36,2,11,None,None,None,None,None,None,None,None,None,4092716,328081,3441719,None,581,37,583,None,2,0,11,None,None,None,None,None,None,None,None
2021-07-21T00:00:00.000Z,None,5407322,347767,3536651,None,708,31,607,None,38,2,27,None,None,None,None,None,None,None,None,None,1306454,25575,97195,None,177,0,18,None,35,2,13,None,None,None,None,None,None,None,None,None,4100600,322146,3439770,None,531,31,582,None,3,0,14,None,None,None,None,None,None,None,None
2021-07-22T00:00:00.000Z,None,5417424,340457,3533859,None,662,39,582,None,45,2,29,None,None,None,None,None,None,None,None,None,1306846,25514,96864,None,148,3,15,None,40,2,14,None,None,None,None,None,None,None,None,None,4110310,314897,3437309,None,514,36,563,None,5,0,15,None,None,None,None,None,None,None,None
2021-07-23T00:00:00.000Z,None,5423594,336205,3531941,None,781,28,631,None,54,2,30,None,None,None,None,None,None,None,None,None,1307090,25498,96636,None,196,0,10,None,48,2,13,None,None,None,None,None,None,None,None,None,4116236,310661,3435619,None,585,28,614,None,6,0,17,None,None,None,None,None,None,None,None
2021-07-24T00:00:00.000Z,None,5424965,335407,3531368,None,521,24,427,None,58,3,28,None,None,None,None,None,None,None,None,None,1307283,25492,96449,None,126,2,9,None,50,3,14,None,None,None,None,None,None,None,None,None,4117414,309869,3435233,None,395,22,415,None,8,0,14,None,None,None,None,None,None,None,None
2021-07-25T00:00:00.000Z,None,5435136,329581,3527023,None,793,36,587,None,64,3,30,None,None,None,None,None,None,None,None,None,1307620,25545,96059,None,167,1,16,None,58,3,13,None,None,None,None,None,None,None,None,None,4127248,303990,3431278,None,626,35,568,None,6,0,17,None,None,None,None,None,None,None,None
2021-07-26T00:00:00.000Z,None,5447433,322325,3521982,None,1213,37,885,None,81,3,39,None,None,None,None,None,None,None,None,None,1308001,25522,95701,None,301,3,28,None,73,3,17,None,None,None,None,None,None,None,None,None,4139164,296757,3426595,None,912,34,850,None,8,0,22,None,None,None,None,None,None,None,None
2021-07-27T00:00:00.000Z,None,5459945,315197,3516598,None,1250,50,986,None,99,4,52,None,None,None,None,None,None,None,None,None,1308438,25458,95328,None,292,3,26,None,90,3,27,None,None,None,None,None,None,None,None,None,4151239,289693,3421584,None,956,47,944,None,9,1,25,None,None,None,None,None,None,None,None
2021-07-28T00:00:00.000Z,None,5472316,306729,3512695,None,1157,52,982,None,91,5,55,None,None,None,None,None,None,None,None,None,1308875,25361,94988,None,285,4,32,None,81,4,28,None,None,None,None,None,None,None,None,None,4163173,281322,3418021,None,871,48,938,None,10,1,27,None,None,None,None,None,None,None,None
2021-07-29T00:00:00.000Z,None,5486232,297378,3508130,None,1207,38,931,None,88,5,61,None,None,None,None,None,None,None,None,None,1309293,25322,94609,None,321,3,30,None,79,4,33,None,None,None,None,None,None,None,None,None,4176671,272010,3413835,None,884,35,890,None,9,1,28,None,None,None,None,None,None,None,None
2021-07-30T00:00:00.000Z,None,5494696,291449,3505595,None,1331,44,1066,None,114,5,60,None,None,None,None,None,None,None,None,None,1309583,25326,94315,None,365,3,23,None,106,4,35,None,None,None,None,None,None,None,None,None,4184845,266077,3411594,None,966,40,1031,None,8,1,25,None,None,None,None,None,None,None,None
2021-07-31T00:00:00.000Z,None,5496171,291331,3504238,None,1054,38,1006,None,124,7,67,None,None,None,None,None,None,None,None,None,1309789,25349,94086,None,220,2,20,None,115,5,41,None,None,None,None,None,None,None,None,None,4186114,265936,3410466,None,834,36,978,None,9,2,26,None,None,None,None,None,None,None,None
2021-08-01T00:00:00.000Z,None,5512459,278066,3501215,None,1132,30,962,None,121,7,67,None,None,None,None,None,None,None,None,None,1310258,25254,93712,None,253,1,26,None,112,5,41,None,None,None,None,None,None,None,None,None,4201933,252766,3407817,None,879,29,922,None,9,2,26,None,None,None,None,None,None,None,None
2021-08-02T00:00:00.000Z,None,5526825,266734,3498181,None,2026,63,1769,None,138,6,69,None,None,None,None,None,None,None,None,None,1310757,25147,93320,None,518,3,47,None,125,5,39,None,None,None,None,None,None,None,None,None,4215800,241541,3405175,None,1507,60,1712,None,13,1,30,None,None,None,None,None,None,None,None
2021-08-03T00:00:00.000Z,None,5541304,255559,3494877,None,1731,77,1503,None,153,7,71,None,None,None,None,None,None,None,None,None,1311291,25046,92887,None,393,6,49,None,141,6,42,None,None,None,None,None,None,None,None,None,4229745,230467,3402304,None,1337,70,1442,None,12,1,29,None,None,None,None,None,None,None,None
2021-08-04T00:00:00.000Z,None,5554296,246039,3491405,None,1883,52,1572,None,151,7,77,None,None,None,None,None,None,None,None,None,1311828,24942,92454,None,381,2,52,None,141,6,44,None,None,None,None,None,None,None,None,None,4242200,221051,3399265,None,1499,49,1503,None,10,1,33,None,None,None,None,None,None,None,None
2021-08-05T00:00:00.000Z,None,5569203,235559,3486978,None,2125,63,1693,None,166,8,86,None,None,None,None,None,None,None,None,None,1312399,24861,91964,None,491,4,57,None,155,7,51,None,None,None,None,None,None,None,None,None,4256536,210652,3395328,None,1632,59,1625,None,11,1,35,None,None,None,None,None,None,None,None
2021-08-06T00:00:00.000Z,None,5580398,226724,3484618,None,2062,61,1765,None,176,8,90,None,None,None,None,None,None,None,None,None,1312770,24830,91624,None,476,2,51,None,163,7,52,None,None,None,None,None,None,None,None,None,4267360,201848,3393308,None,1584,59,1704,None,13,1,38,None,None,None,None,None,None,None,None
2021-08-07T00:00:00.000Z,None,5584090,224008,3483642,None,1533,43,1352,None,209,6,108,None,None,None,None,None,None,None,None,None,1313015,24813,91396,None,292,3,33,None,193,5,62,None,None,None,None,None,None,None,None,None,4270807,199149,3392560,None,1241,40,1316,None,16,1,46,None,None,None,None,None,None,None,None
2021-08-08T00:00:00.000Z,None,5587641,225453,3478646,None,1871,52,1519,None,232,6,123,None,None,None,None,None,None,None,None,None,1313397,24959,90868,None,405,2,51,None,212,5,76,None,None,None,None,None,None,None,None,None,4273976,200448,3388092,None,1466,50,1454,None,20,1,47,None,None,None,None,None,None,None,None
2021-08-09T00:00:00.000Z,None,5591042,227350,3473348,None,3421,111,2839,None,234,10,133,None,None,None,None,None,None,None,None,None,1313870,25010,90344,None,696,10,97,None,214,8,84,None,None,None,None,None,None,None,None,None,4276904,202294,3383318,None,2724,101,2724,None,20,2,49,None,None,None,None,None,None,None,None
2021-08-10T00:00:00.000Z,None,5594639,229267,3467834,None,3220,98,2534,None,243,10,140,None,None,None,None,None,None,None,None,None,1314457,24977,89790,None,686,4,59,None,219,9,87,None,None,None,None,None,None,None,None,None,4279914,204244,3378358,None,2534,94,2453,None,24,1,53,None,None,None,None,None,None,None,None
2021-08-11T00:00:00.000Z,None,5598131,231384,3462225,None,3321,103,2598,None,250,10,145,None,None,None,None,None,None,None,None,None,1315116,24951,89157,None,649,5,79,None,223,10,88,None,None,None,None,None,None,None,None,None,4282747,206387,3373382,None,2672,98,2503,None,27,0,57,None,None,None,None,None,None,None,None
2021-08-12T00:00:00.000Z,None,5602196,234330,3455214,None,3322,83,2740,None,279,10,163,None,None,None,None,None,None,None,None,None,1315831,24870,88523,None,702,2,88,None,253,10,98,None,None,None,None,None,None,None,None,None,4286097,209414,3367005,None,2619,81,2638,None,26,0,65,None,None,None,None,None,None,None,None
2021-08-13T00:00:00.000Z,None,5604168,236108,3451464,None,3104,94,2745,None,281,11,181,None,None,None,None,None,None,None,None,None,1316308,24787,88129,None,584,3,81,None,255,10,108,None,None,None,None,None,None,None,None,None,4287592,211275,3363649,None,2519,91,2640,None,26,1,73,None,None,None,None,None,None,None,None
2021-08-14T00:00:00.000Z,None,5604868,237653,3449219,None,2267,81,1866,None,295,9,188,None,None,None,None,None,None,None,None,None,1316637,24795,87792,None,398,4,50,None,270,8,115,None,None,None,None,None,None,None,None,None,4287963,212812,3361741,None,1869,77,1799,None,25,1,73,None,None,None,None,None,None,None,None
2021-08-15T00:00:00.000Z,None,5608687,241004,3442049,None,2741,102,2347,None,321,11,209,None,None,None,None,None,None,None,None,None,1317407,24663,87154,None,434,3,89,None,280,9,125,None,None,None,None,None,None,None,None,None,4291012,216295,3355209,None,2306,98,2237,None,41,2,84,None,None,None,None,None,None,None,None
2021-08-16T00:00:00.000Z,None,5612393,244283,3435064,None,4525,167,4095,None,301,12,220,None,None,None,None,None,None,None,None,None,1318230,24531,86463,None,789,7,115,None,262,11,134,None,None,None,None,None,None,None,None,None,4293895,219706,3348915,None,3732,160,3957,None,39,1,86,None,None,None,None,None,None,None,None
2021-08-17T00:00:00.000Z,None,5615821,248635,3427284,None,4034,143,3776,None,327,10,237,None,None,None,None,None,None,None,None,None,1318992,24480,85752,None,545,5,106,None,279,10,147,None,None,None,None,None,None,None,None,None,4296561,224109,3341846,None,3484,138,3643,None,48,0,90,None,None,None,None,None,None,None,None
2021-08-18T00:00:00.000Z,None,5618629,254533,3418578,None,3951,148,3903,None,326,12,254,None,None,None,None,None,None,None,None,None,1319588,24534,85102,None,557,5,115,None,270,11,158,None,None,None,None,None,None,None,None,None,4298773,229953,3333790,None,3392,143,3745,None,56,1,96,None,None,None,None,None,None,None,None
2021-08-19T00:00:00.000Z,None,5622002,261280,3408458,None,3898,153,3758,None,326,12,259,None,None,None,None,None,None,None,None,None,1320224,24612,84388,None,519,15,120,None,271,12,154,None,None,None,None,None,None,None,None,None,4301510,236622,3324384,None,3377,138,3608,None,55,0,105,None,None,None,None,None,None,None,None
2021-08-20T00:00:00.000Z,None,5624051,264002,3403687,None,3783,160,3958,None,320,13,270,None,None,None,None,None,None,None,None,None,1320639,24575,84010,None,483,8,114,None,265,12,166,None,None,None,None,None,None,None,None,None,4303144,239380,3319992,None,3299,152,3813,None,55,1,104,None,None,None,None,None,None,None,None
2021-08-21T00:00:00.000Z,None,5624730,266831,3400179,None,2629,103,2683,None,344,12,300,None,None,None,None,None,None,None,None,None,1320952,24562,83710,None,311,5,68,None,278,11,184,None,None,None,None,None,None,None,None,None,4303510,242222,3316784,None,2316,98,2600,None,66,1,116,None,None,None,None,None,None,None,None
2021-08-22T00:00:00.000Z,None,5629184,272291,3390265,None,3391,136,3054,None,366,13,302,None,None,None,None,None,None,None,None,None,1321597,24587,83040,None,328,9,87,None,297,11,181,None,None,None,None,None,None,None,None,None,4307318,247658,3307540,None,3060,127,2939,None,69,2,121,None,None,None,None,None,None,None,None
2021-08-23T00:00:00.000Z,None,5634937,277546,3379257,None,4692,229,5086,None,347,14,323,None,None,None,None,None,None,None,None,None,1322424,24415,82385,None,471,4,125,None,279,12,195,None,None,None,None,None,None,None,None,None,4312244,253085,3297187,None,4219,225,4933,None,68,2,128,None,None,None,None,None,None,None,None
2021-08-24T00:00:00.000Z,None,5641348,282968,3367424,None,4786,245,5050,None,333,17,332,None,None,None,None,None,None,None,None,None,1323359,24168,81697,None,412,12,108,None,272,14,199,None,None,None,None,None,None,None,None,None,4317720,258754,3286042,None,4373,233,4915,None,61,3,133,None,None,None,None,None,None,None,None
2021-08-25T00:00:00.000Z,None,5647249,286853,3357638,None,4182,233,4805,None,328,16,356,None,None,None,None,None,None,None,None,None,1324143,24005,81076,None,372,9,88,None,268,13,213,None,None,None,None,None,None,None,None,None,4322837,262802,3276877,None,3806,224,4681,None,60,3,143,None,None,None,None,None,None,None,None
2021-08-26T00:00:00.000Z,None,5654144,290134,3347462,None,4249,203,4644,None,316,15,360,None,None,None,None,None,None,None,None,None,1325068,23693,80463,None,365,7,102,None,254,13,214,None,None,None,None,None,None,None,None,None,4328807,266395,3267314,None,3883,196,4509,None,62,2,146,None,None,None,None,None,None,None,None
2021-08-27T00:00:00.000Z,None,5657658,290953,3343129,None,3887,231,4561,None,320,15,363,None,None,None,None,None,None,None,None,None,1325495,23597,80132,None,395,6,123,None,255,13,217,None,None,None,None,None,None,None,None,None,4331894,267310,3263312,None,3491,225,4414,None,65,2,146,None,None,None,None,None,None,None,None
2021-08-28T00:00:00.000Z,None,5659672,292653,3339415,None,3462,185,3633,None,330,17,358,None,None,None,None,None,None,None,None,None,1325853,23521,79850,None,303,11,86,None,261,15,213,None,None,None,None,None,None,None,None,None,4333550,269086,3259880,None,3156,174,3534,None,69,2,145,None,None,None,None,None,None,None,None
2021-08-29T00:00:00.000Z,None,5666291,296494,3328955,None,3302,203,3274,None,340,17,396,None,None,None,None,None,None,None,None,None,1326601,23359,79264,None,240,4,82,None,269,13,237,None,None,None,None,None,None,None,None,None,4339421,273089,3250006,None,3062,199,3167,None,71,4,159,None,None,None,None,None,None,None,None
2021-08-30T00:00:00.000Z,None,5672667,302563,3316510,None,4548,342,6257,None,329,16,403,None,None,None,None,None,None,None,None,None,1327368,23199,78657,None,299,15,118,None,260,12,235,None,None,None,None,None,None,None,None,None,4345030,279318,3238168,None,4248,327,6103,None,69,4,168,None,None,None,None,None,None,None,None
2021-08-31T00:00:00.000Z,None,5679565,307856,3304319,None,4364,321,5753,None,316,17,378,None,None,None,None,None,None,None,None,None,1328192,22954,78078,None,347,11,119,None,245,11,219,None,None,None,None,None,None,None,None,None,4351104,284856,3226556,None,4012,310,5594,None,71,6,159,None,None,None,None,None,None,None,None
2021-09-01T00:00:00.000Z,None,5685961,310413,3295366,None,4556,351,6378,None,294,16,374,None,None,None,None,None,None,None,None,None,1328953,22735,77536,None,333,17,126,None,231,10,215,None,None,None,None,None,None,None,None,None,4356738,287633,3218145,None,4222,334,6196,None,63,6,159,None,None,None,None,None,None,None,None
2021-09-02T00:00:00.000Z,None,5693449,311760,3286531,None,4364,356,6589,None,283,14,377,None,None,None,None,None,None,None,None,None,1329715,22576,76933,None,298,8,90,None,219,9,219,None,None,None,None,None,None,None,None,None,4363464,289139,3209913,None,4065,348,6449,None,64,5,158,None,None,None,None,None,None,None,None
2021-09-03T00:00:00.000Z,None,5696978,311955,3282807,None,3893,328,5573,None,274,12,376,None,None,None,None,None,None,None,None,None,1330091,22481,76652,None,295,9,107,None,213,8,212,None,None,None,None,None,None,None,None,None,4366616,289430,3206470,None,3597,319,5436,None,61,4,164,None,None,None,None,None,None,None,None
2021-09-04T00:00:00.000Z,None,5698991,312616,3280133,None,2083,167,2725,None,282,12,386,None,None,None,None,None,None,None,None,None,1330400,22416,76408,None,134,8,58,None,216,8,217,None,None,None,None,None,None,None,None,None,4368320,290156,3204040,None,1948,159,2638,None,66,4,169,None,None,None,None,None,None,None,None
2021-09-05T00:00:00.000Z,None,5707493,304131,3280116,None,478,18,388,None,276,13,392,None,None,None,None,None,None,None,None,None,1331170,21825,76229,None,26,0,6,None,210,9,218,None,None,None,None,None,None,None,None,None,4376051,282263,3204202,None,452,18,378,None,66,4,172,None,None,None,None,None,None,None,None
